class	kind	selector	encoding	implementation
SCMapLocationPushExtension	-	didReceiveLocationPushPayload:completion:	v32@0:8@16@?24	0x10000c000
SCMapLocationPushExtension	-	serviceExtensionWillTerminate	v16@0:8	0x10000c69c
SCMapLocationPushExtension	-	.cxx_destruct	v16@0:8	0x10000c6a4
SCExtensionPushAcknowledger	-	initWithAppGroupUserDefaults:networkingApiClient:requestFactory:grapheneLogger:configs:	@56@0:8@16@24@32@40@48	0x10000c6d4
SCExtensionPushAcknowledger	-	didReceiveNotificationWithPayload:extensionType:withCompletionHandler:	v40@0:8@16Q24@?32	0x10000c880
SCExtensionPushAcknowledger	-	cleanupOnTimeout	v16@0:8	0x10000cb88
SCExtensionPushAcknowledger	-	_makeRequest:	v24@0:8@16	0x10000cc34
SCExtensionPushAcknowledger	-	_getReceiveTimeStamp	q16@0:8	0x10000d26c
SCExtensionPushAcknowledger	-	.cxx_destruct	v16@0:8	0x10000d2b8
SCMapLiveLocationAckGrapheneLogger	-	initWithGrapheneExtensionLogger:	@24@0:8@16	0x10000d354
SCMapLiveLocationAckGrapheneLogger	-	logGrapheneExtensionAcknowledgerSuccessLatencyMs:appState:	v28@0:8q16B24	0x10000d3c8
SCMapLiveLocationAckGrapheneLogger	-	logGrapheneExtensionAcknowledgerTimeoutLatencyMs:appState:	v28@0:8q16B24	0x10000d4c4
SCMapLiveLocationAckGrapheneLogger	-	logGrapheneExtensionAcknowledgerFailedWithAppState:	v20@0:8B16	0x10000d5c0
SCMapLiveLocationAckGrapheneLogger	-	.cxx_destruct	v16@0:8	0x10000d6a8
SCPushNotificationAckNotificationRequestFactory	-	initWithUserSession:systemScopedAppGroupUserDefaults:	@32@0:8@16@24	0x10000d6b4
SCPushNotificationAckNotificationRequestFactory	-	getPnsRequestParametersWithUserInfo:extenstionType:receivedTimestamp:	@40@0:8@16Q24q32	0x10000d758
SCPushNotificationAckNotificationRequestFactory	-	.cxx_destruct	v16@0:8	0x10000da98
