address	end_address	status	pseudocode_file	runtime_label	error
1057e4f0c	1057e4f7f	decompiled	chunks/006/functions-000430.c	-[SCGrapheneMessagingNotificationMetric2 init]	
1057e4f80	1057e52b3	decompiled	chunks/006/functions-000430.c		
1057e52b4	1057e55e7	decompiled	chunks/006/functions-000430.c		
1057e55e8	1057e591b	decompiled	chunks/006/functions-000430.c		
1057e591c	1057e5fe7	decompiled	chunks/006/functions-000430.c		
1057e5fe8	1057e61e7	decompiled	chunks/006/functions-000430.c		
1057e61e8	1057e61ff	decompiled	chunks/006/functions-000430.c		
1057e6200	1057e6343	decompiled	chunks/006/functions-000430.c		
1057e6344	1057e6357	decompiled	chunks/006/functions-000430.c		
1057e6358	1057e63fb	decompiled	chunks/006/functions-000430.c	-[SCSavedStorySender initWithCoreMessageSender:snapchatterPublicInfoFetcher:]	
1057e63fc	1057e669b	decompiled	chunks/006/functions-000430.c	-[SCSavedStorySender saveFriendStory:conversations:platformAnalytics:viewLocation:completionHandler:]	
1057e669c	1057e671f	decompiled	chunks/006/functions-000430.c		
1057e6720	1057e689b	decompiled	chunks/006/functions-000430.c	-[SCSavedStorySender _saveFriendStory:storyPoster:conversations:platformAnalytics:viewLocation:completionHandler:]	
1057e689c	1057e68cb	decompiled	chunks/006/functions-000430.c	-[SCSavedStorySender .cxx_destruct]	
1057e68cc	1057e69af	decompiled	chunks/006/functions-000430.c	-[SCSavedStorySendingServiceProvider provide]	
1057e69b0	1057e69ef	decompiled	chunks/006/functions-000430.c		
1057e69f0	1057e6aab	decompiled	chunks/006/functions-000430.c	-[SCSavedStorySendingServiceProvider _createSavedStorySender]	
1057e6aac	1057e6aef	decompiled	chunks/006/functions-000430.c	-[SCSavedStorySendingServiceProvider .cxx_destruct]	
1057e6af0	1057e6b67	decompiled	chunks/006/functions-000430.c		
1057e6b68	1057e6c7f	decompiled	chunks/006/functions-000430.c		
1057e6c80	1057e6cf7	decompiled	chunks/006/functions-000430.c		
1057e6cf8	1057e6d6f	decompiled	chunks/006/functions-000430.c		
1057e6d70	1057e6e3f	decompiled	chunks/006/functions-000430.c	-[CTPUserDataFeedServiceImpl _soundFavoritesFeed]	
1057e6e40	1057e7023	decompiled	chunks/006/functions-000430.c	-[CTPUserDataFeedServiceImpl _soundRecentsFeed]	
1057e7024	1057e70f3	decompiled	chunks/006/functions-000430.c	-[CTPUserDataFeedServiceImpl _soundUnlocksFeed]	
1057e70f4	1057e734f	decompiled	chunks/006/functions-000430.c	-[CTPUserDataFeedServiceImpl initWithItemsRepository:itemsPersistence:feedsRepository:userDataClient:grapheneRegistry:circumstanceEngine:retryJobProvider:docObjectContext:protobufTransformer:creativeToolsABProvider:]	
1057e7350	1057e764b	decompiled	chunks/006/functions-000430.c	-[CTPUserDataFeedServiceImpl addExternalId:toCategory:context:]	
1057e764c	1057e77df	decompiled	chunks/006/functions-000430.c		
1057e77e0	1057e798f	decompiled	chunks/006/functions-000430.c		
1057e7990	1057e7b8f	decompiled	chunks/006/functions-000430.c		
1057e7b90	1057e7f93	decompiled	chunks/006/functions-000430.c		
1057e7f94	1057e7fab	decompiled	chunks/006/functions-000430.c		
1057e7fac	1057e8063	decompiled	chunks/006/functions-000430.c		
1057e8064	1057e835f	decompiled	chunks/006/functions-000430.c	-[CTPUserDataFeedServiceImpl removeExternalId:fromCategory:context:]	
1057e8360	1057e84f3	decompiled	chunks/006/functions-000430.c		
1057e84f4	1057e86a3	decompiled	chunks/006/functions-000430.c		
1057e86a4	1057e881b	decompiled	chunks/006/functions-000430.c		
1057e881c	1057e8aef	decompiled	chunks/006/functions-000430.c		
1057e8af0	1057e8b07	decompiled	chunks/006/functions-000430.c		
1057e8b08	1057e8bbf	decompiled	chunks/006/functions-000430.c		
1057e8bc0	1057e8c53	decompiled	chunks/006/functions-000430.c	-[CTPUserDataFeedServiceImpl userDataForCategory:context:]	
1057e8c54	1057e8dd3	decompiled	chunks/006/functions-000430.c	-[CTPUserDataFeedServiceImpl userDataForCategory:pageToken:pageSize:context:]	
1057e8dd4	1057e8f63	decompiled	chunks/006/functions-000430.c		
1057e8f64	1057e908b	decompiled	chunks/006/functions-000430.c	-[CTPUserDataFeedServiceImpl isProtobufItemInUserData:category:context:]	
1057e908c	1057e9193	decompiled	chunks/006/functions-000430.c	-[CTPUserDataFeedServiceImpl isExternalIdInUserData:category:context:]	
1057e9194	1057e93cf	decompiled	chunks/006/functions-000430.c		
1057e93d0	1057e93f7	decompiled	chunks/006/functions-000430.c	-[CTPUserDataFeedServiceImpl userDataUpdateObservable]	
1057e93f8	1057e948b	decompiled	chunks/006/functions-000430.c	-[CTPUserDataFeedServiceImpl updateCTPItem:userDataCategory:]	
1057e948c	1057e96cf	decompiled	chunks/006/functions-000430.c	-[CTPUserDataFeedServiceImpl _fetchItemsForFeed:pageToken:pageSize:promise:]	
1057e96d0	1057e989f	decompiled	chunks/006/functions-000430.c		
1057e98a0	1057e99e7	decompiled	chunks/006/functions-000430.c		
1057e99e8	1057e9a8f	decompiled	chunks/006/functions-000430.c		
1057e9a90	1057e9a9b	decompiled	chunks/006/functions-000430.c		
1057e9a9c	1057e9b87	decompiled	chunks/006/functions-000430.c		
1057e9b88	1057e9e27	decompiled	chunks/006/functions-000430.c	-[CTPUserDataFeedServiceImpl _completeUpdateJob:promise:lifecycle:context:withError:]	
1057e9e28	1057e9f67	decompiled	chunks/006/functions-000430.c		
1057e9f68	1057ea0b7	decompiled	chunks/006/functions-000430.c	-[CTPUserDataFeedServiceImpl _updateMirroredFavoritesCacheFromContext:upsertedItems:deletedItemIds:]	
1057ea0b8	1057ea0bb	decompiled	chunks/006/functions-000430.c		
1057ea0bc	1057ea1b7	decompiled	chunks/006/functions-000430.c	-[CTPUserDataFeedServiceImpl _feedForCategory:context:]	
1057ea1b8	1057ea2c7	decompiled	chunks/006/functions-000430.c	-[CTPUserDataFeedServiceImpl _feedNodeForType:context:promise:]	
1057ea2c8	1057ea383	decompiled	chunks/006/functions-000430.c		
1057ea384	1057ea39b	decompiled	chunks/006/functions-000430.c		
1057ea39c	1057ea4c7	decompiled	chunks/006/functions-000430.c	-[CTPUserDataFeedServiceImpl _fetchItemsForCategory:context:]	
1057ea4c8	1057ea65b	decompiled	chunks/006/functions-000430.c		
1057ea65c	1057ea717	decompiled	chunks/006/functions-000430.c		
1057ea718	1057ea72f	decompiled	chunks/006/functions-000430.c		
1057ea730	1057ea88f	decompiled	chunks/006/functions-000430.c	-[CTPUserDataFeedServiceImpl _soundFavorites]	
1057ea890	1057ea94b	decompiled	chunks/006/functions-000430.c		
1057ea94c	1057ea963	decompiled	chunks/006/functions-000430.c		
1057ea964	1057eaac3	decompiled	chunks/006/functions-000430.c	-[CTPUserDataFeedServiceImpl _soundRecents]	
1057eaac4	1057eab7f	decompiled	chunks/006/functions-000430.c		
1057eab80	1057eab97	decompiled	chunks/006/functions-000430.c		
1057eab98	1057eacf7	decompiled	chunks/006/functions-000430.c	-[CTPUserDataFeedServiceImpl _soundUnlocks]	
1057eacf8	1057eadb3	decompiled	chunks/006/functions-000430.c		
1057eadb4	1057eadcb	decompiled	chunks/006/functions-000430.c		
1057eadcc	1057eadef	decompiled	chunks/006/functions-000430.c	-[CTPUserDataFeedServiceImpl _networkUserDataCategoryForFeedCategory:]	
1057eadf0	1057eaedb	decompiled	chunks/006/functions-000430.c	-[CTPUserDataFeedServiceImpl _persistedItemForItemId:data:feedType:feedsTreeContext:]	
1057eaedc	1057eafb7	decompiled	chunks/006/functions-000430.c	-[CTPUserDataFeedServiceImpl _updateChatHometabFeedCacheIfNecessaryWithUpsertedItems:deletedItemsIds:category:]	
1057eafb8	1057eafbb	decompiled	chunks/006/functions-000430.c		
1057eafbc	1057eafc3	decompiled	chunks/006/functions-000430.c	-[CTPUserDataFeedServiceImpl itemsRepository]	
1057eafc4	1057eaff3	decompiled	chunks/006/functions-000430.c	-[CTPUserDataFeedServiceImpl setItemsRepository:]	
1057eaff4	1057eaffb	decompiled	chunks/006/functions-000430.c	-[CTPUserDataFeedServiceImpl itemsPersistence]	
1057eaffc	1057eb02b	decompiled	chunks/006/functions-000430.c	-[CTPUserDataFeedServiceImpl setItemsPersistence:]	
1057eb02c	1057eb033	decompiled	chunks/006/functions-000430.c	-[CTPUserDataFeedServiceImpl feedsRepository]	
1057eb034	1057eb063	decompiled	chunks/006/functions-000430.c	-[CTPUserDataFeedServiceImpl setFeedsRepository:]	
1057eb064	1057eb06b	decompiled	chunks/006/functions-000430.c	-[CTPUserDataFeedServiceImpl userDataClient]	
1057eb06c	1057eb09b	decompiled	chunks/006/functions-000430.c	-[CTPUserDataFeedServiceImpl setUserDataClient:]	
1057eb09c	1057eb0a3	decompiled	chunks/006/functions-000430.c	-[CTPUserDataFeedServiceImpl protobufTransformer]	
1057eb0a4	1057eb0d3	decompiled	chunks/006/functions-000430.c	-[CTPUserDataFeedServiceImpl setProtobufTransformer:]	
1057eb0d4	1057eb0db	decompiled	chunks/006/functions-000430.c	-[CTPUserDataFeedServiceImpl circumstanceEngine]	
1057eb0dc	1057eb10b	decompiled	chunks/006/functions-000430.c	-[CTPUserDataFeedServiceImpl setCircumstanceEngine:]	
1057eb10c	1057eb113	decompiled	chunks/006/functions-000430.c	-[CTPUserDataFeedServiceImpl userDataFeedServiceLogger]	
1057eb114	1057eb143	decompiled	chunks/006/functions-000430.c	-[CTPUserDataFeedServiceImpl setUserDataFeedServiceLogger:]	
1057eb144	1057eb14b	decompiled	chunks/006/functions-000430.c	-[CTPUserDataFeedServiceImpl updateJobObservable]	
1057eb14c	1057eb17b	decompiled	chunks/006/functions-000430.c	-[CTPUserDataFeedServiceImpl setUpdateJobObservable:]	
1057eb17c	1057eb183	decompiled	chunks/006/functions-000430.c	-[CTPUserDataFeedServiceImpl performer]	
1057eb184	1057eb1b3	decompiled	chunks/006/functions-000430.c	-[CTPUserDataFeedServiceImpl setPerformer:]	
1057eb1b4	1057eb1bb	decompiled	chunks/006/functions-000430.c	-[CTPUserDataFeedServiceImpl jobProcessor]	
1057eb1bc	1057eb1eb	decompiled	chunks/006/functions-000430.c	-[CTPUserDataFeedServiceImpl setJobProcessor:]	
1057eb1ec	1057eb287	decompiled	chunks/006/functions-000430.c	-[CTPUserDataFeedServiceImpl .cxx_destruct]	
1057eb288	1057eb31b	decompiled	chunks/006/functions-000431.c		
1057eb31c	1057eb343	decompiled	chunks/006/functions-000431.c		
1057eb344	1057eb3b7	decompiled	chunks/006/functions-000431.c	-[CTPUserDataFeedServiceLogger initWithGrapheneRegistry:]	
1057eb3b8	1057eb5a3	decompiled	chunks/006/functions-000431.c	-[CTPUserDataFeedServiceLogger logCompletedLegacyUserDataJob:]	
1057eb5a4	1057eb66b	decompiled	chunks/006/functions-000431.c	-[CTPUserDataFeedServiceLogger logUpdateJobSuccess:]	
1057eb66c	1057eb797	decompiled	chunks/006/functions-000431.c	-[CTPUserDataFeedServiceLogger logUpdateJobFailure:error:]	
1057eb798	1057eb85f	decompiled	chunks/006/functions-000431.c	-[CTPUserDataFeedServiceLogger logCompletedRecentsMigration:]	
1057eb860	1057eb98b	decompiled	chunks/006/functions-000431.c	-[CTPUserDataFeedServiceLogger logFailedRecentsMigration:error:]	
1057eb98c	1057eb997	decompiled	chunks/006/functions-000431.c	-[CTPUserDataFeedServiceLogger .cxx_destruct]	
1057eb998	1057ebccb	decompiled	chunks/006/functions-000431.c		
1057ebccc	1057ebcef	decompiled	chunks/006/functions-000431.c		
1057ebcf0	1057ebd8b	decompiled	chunks/006/functions-000431.c	-[CTPUserDataFeedServicesImplEntryPoint .cxx_destruct]	
1057ebd8c	1057ebdaf	decompiled	chunks/006/functions-000431.c		
1057ebdb0	1057ebe8b	decompiled	chunks/006/functions-000431.c		
1057ebe8c	1057ebeb3	decompiled	chunks/006/functions-000431.c		
1057ebeb4	1057ec057	decompiled	chunks/006/functions-000431.c	-[CTPUserDataUpdateJobProcessor initWithDocObjectContext:userDataClient:logger:circumstanceEngine:retryJobProvider:persistenceService:]	
1057ec058	1057ec097	decompiled	chunks/006/functions-000431.c	-[CTPUserDataUpdateJobProcessor _maxAttemptsForItemsInCategory:]	
1057ec098	1057ec0c7	decompiled	chunks/006/functions-000431.c	-[CTPUserDataUpdateJobProcessor _shouldUseSimpleUpload:]	
1057ec0c8	1057ec17f	decompiled	chunks/006/functions-000431.c	-[CTPUserDataUpdateJobProcessor processJobWithJobConfig:input:context:onComplete:]	
1057ec180	1057ec1b7	decompiled	chunks/006/functions-000431.c	-[CTPUserDataUpdateJobProcessor dataForFeedCategory:]	
1057ec1b8	1057ec513	decompiled	chunks/006/functions-000431.c	-[CTPUserDataUpdateJobProcessor addTaskForItem:category:isDelete:]	
1057ec514	1057ec5bb	decompiled	chunks/006/functions-000431.c		
1057ec5bc	1057ec7f7	decompiled	chunks/006/functions-000431.c		
1057ec7f8	1057ecc67	decompiled	chunks/006/functions-000431.c	-[CTPUserDataUpdateJobProcessor _updateBackendWithOneUpdate:category:isDelete:]	
1057ecc68	1057ecd53	decompiled	chunks/006/functions-000431.c		
1057ecd54	1057ece17	decompiled	chunks/006/functions-000431.c		
1057ece18	1057ece97	decompiled	chunks/006/functions-000431.c		
1057ece98	1057ece9f	decompiled	chunks/006/functions-000431.c		
1057ecea0	1057ecf8b	decompiled	chunks/006/functions-000431.c		
1057ecf8c	1057ed04f	decompiled	chunks/006/functions-000431.c		
1057ed050	1057ed0cf	decompiled	chunks/006/functions-000431.c		
1057ed0d0	1057ed0d7	decompiled	chunks/006/functions-000431.c		
1057ed0d8	1057ed85f	decompiled	chunks/006/functions-000431.c	-[CTPUserDataUpdateJobProcessor _updateBackendWithChanges:onComplete:]	
1057ed860	1057ed877	decompiled	chunks/006/functions-000431.c		
1057ed878	1057eda33	decompiled	chunks/006/functions-000431.c		
1057eda34	1057edb33	decompiled	chunks/006/functions-000431.c		
1057edb34	1057edb3b	decompiled	chunks/006/functions-000431.c		
1057edb3c	1057edc57	decompiled	chunks/006/functions-000431.c		
1057edc58	1057edc9f	decompiled	chunks/006/functions-000431.c		
1057edca0	1057ede7b	decompiled	chunks/006/functions-000431.c		
1057ede7c	1057edf7b	decompiled	chunks/006/functions-000431.c		
1057edf7c	1057edf83	decompiled	chunks/006/functions-000431.c		
1057edf84	1057ee09f	decompiled	chunks/006/functions-000431.c		
1057ee0a0	1057ee1ab	decompiled	chunks/006/functions-000431.c		
1057ee1ac	1057ee293	decompiled	chunks/006/functions-000431.c		
1057ee294	1057ee343	decompiled	chunks/006/functions-000431.c		
1057ee344	1057ee647	decompiled	chunks/006/functions-000431.c	-[CTPUserDataUpdateJobProcessor _updateItemsPersistenceService:removingItemIds:category:]	
1057ee648	1057ee8bb	decompiled	chunks/006/functions-000431.c		
1057ee8bc	1057ee97b	decompiled	chunks/006/functions-000431.c		
1057ee97c	1057ee9b3	decompiled	chunks/006/functions-000431.c		
1057ee9b4	1057eeab7	decompiled	chunks/006/functions-000431.c		
1057eeab8	1057eeaef	decompiled	chunks/006/functions-000431.c		
1057eeaf0	1057eeaf3	decompiled	chunks/006/functions-000431.c		
1057eeaf4	1057eeb7f	decompiled	chunks/006/functions-000431.c	-[CTPUserDataUpdateJobProcessor _updateChatHometabFeedIfNecessaryWithUpdatingItems:removingItemIds:category:]	
1057eeb80	1057eef13	decompiled	chunks/006/functions-000431.c	-[CTPUserDataUpdateJobProcessor _fetchUpdateExternalIDs:]	
1057eef14	1057ef0cb	decompiled	chunks/006/functions-000431.c		
1057ef0cc	1057ef45f	decompiled	chunks/006/functions-000431.c	-[CTPUserDataUpdateJobProcessor _fetchDeleteExternalIDs:]	
1057ef460	1057ef563	decompiled	chunks/006/functions-000431.c	-[CTPUserDataUpdateJobProcessor _incrementAttempts:maxAttempts:completionBlock:]	
1057ef564	1057ef75b	decompiled	chunks/006/functions-000431.c		
1057ef75c	1057ef853	decompiled	chunks/006/functions-000431.c	-[CTPUserDataUpdateJobProcessor _cleanupTasks:completionBlock:]	
1057ef854	1057ef9d3	decompiled	chunks/006/functions-000431.c		
1057ef9d4	1057efa67	decompiled	chunks/006/functions-000431.c	-[CTPUserDataUpdateJobProcessor _successfullyCompleteJob:callback:]	
1057efa68	1057efb1b	decompiled	chunks/006/functions-000431.c	-[CTPUserDataUpdateJobProcessor _failedJob:callback:errors:]	
1057efb1c	1057efb23	decompiled	chunks/006/functions-000431.c	-[CTPUserDataUpdateJobProcessor docObjectContext]	
1057efb24	1057efb53	decompiled	chunks/006/functions-000431.c	-[CTPUserDataUpdateJobProcessor setDocObjectContext:]	
1057efb54	1057efb5b	decompiled	chunks/006/functions-000431.c	-[CTPUserDataUpdateJobProcessor userDataClient]	
1057efb5c	1057efb8b	decompiled	chunks/006/functions-000431.c	-[CTPUserDataUpdateJobProcessor setUserDataClient:]	
1057efb8c	1057efb93	decompiled	chunks/006/functions-000431.c	-[CTPUserDataUpdateJobProcessor logger]	
1057efb94	1057efbc3	decompiled	chunks/006/functions-000431.c	-[CTPUserDataUpdateJobProcessor setLogger:]	
1057efbc4	1057efbcb	decompiled	chunks/006/functions-000431.c	-[CTPUserDataUpdateJobProcessor circumstanceEngine]	
1057efbcc	1057efbfb	decompiled	chunks/006/functions-000431.c	-[CTPUserDataUpdateJobProcessor setCircumstanceEngine:]	
1057efbfc	1057efc13	decompiled	chunks/006/functions-000431.c	-[CTPUserDataUpdateJobProcessor retryJobProvider]	
1057efc14	1057efc1f	decompiled	chunks/006/functions-000431.c	-[CTPUserDataUpdateJobProcessor setRetryJobProvider:]	
1057efc20	1057efc27	decompiled	chunks/006/functions-000431.c	-[CTPUserDataUpdateJobProcessor persistenceService]	
1057efc28	1057efc57	decompiled	chunks/006/functions-000431.c	-[CTPUserDataUpdateJobProcessor setPersistenceService:]	
1057efc58	1057efc5f	decompiled	chunks/006/functions-000431.c	-[CTPUserDataUpdateJobProcessor cancellableTasks]	
1057efc60	1057efc8f	decompiled	chunks/006/functions-000431.c	-[CTPUserDataUpdateJobProcessor setCancellableTasks:]	
1057efc90	1057efc97	decompiled	chunks/006/functions-000431.c	-[CTPUserDataUpdateJobProcessor updateQueue]	
1057efc98	1057efcc7	decompiled	chunks/006/functions-000431.c	-[CTPUserDataUpdateJobProcessor setUpdateQueue:]	
1057efcc8	1057efdab	decompiled	chunks/006/functions-000431.c	-[CTPUserDataUpdateJobProcessor .cxx_destruct]	
1057efdac	1057f0467	decompiled	chunks/006/functions-000431.c		
1057f0468	1057f04ef	decompiled	chunks/006/functions-000431.c		
1057f04f0	1057f0627	decompiled	chunks/006/functions-000431.c		
1057f0628	1057f06d7	decompiled	chunks/006/functions-000431.c		
1057f06d8	1057f0713	decompiled	chunks/006/functions-000431.c		
1057f0714	1057f08bf	decompiled	chunks/006/functions-000431.c		
1057f08c0	1057f0a53	decompiled	chunks/006/functions-000431.c		
1057f0a54	1057f0ae7	decompiled	chunks/006/functions-000431.c		
1057f0ae8	1057f0b5f	decompiled	chunks/006/functions-000431.c		
1057f0b60	1057f0b9b	decompiled	chunks/006/functions-000431.c		
1057f0b9c	1057f0baf	decompiled	chunks/006/functions-000431.c		
1057f0bb0	1057f0c1f	decompiled	chunks/006/functions-000431.c		
1057f0c20	1057f12db	decompiled	chunks/006/functions-000431.c		
1057f12dc	1057f1363	decompiled	chunks/006/functions-000431.c		
1057f1364	1057f149b	decompiled	chunks/006/functions-000431.c		
1057f149c	1057f154b	decompiled	chunks/006/functions-000431.c		
1057f154c	1057f1587	decompiled	chunks/006/functions-000431.c		
1057f1588	1057f1733	decompiled	chunks/006/functions-000431.c		
1057f1734	1057f18c7	decompiled	chunks/006/functions-000431.c		
1057f18c8	1057f195b	decompiled	chunks/006/functions-000431.c		
1057f195c	1057f19d3	decompiled	chunks/006/functions-000432.c		
1057f19d4	1057f1a0f	decompiled	chunks/006/functions-000432.c		
1057f1a10	1057f1a23	decompiled	chunks/006/functions-000432.c		
1057f1a24	1057f1a8f	decompiled	chunks/006/functions-000432.c		
1057f1a90	1057f214b	decompiled	chunks/006/functions-000432.c		
1057f214c	1057f21d3	decompiled	chunks/006/functions-000432.c		
1057f21d4	1057f230b	decompiled	chunks/006/functions-000432.c		
1057f230c	1057f251f	decompiled	chunks/006/functions-000432.c		
1057f2520	1057f2797	decompiled	chunks/006/functions-000432.c		
1057f2798	1057f2803	decompiled	chunks/006/functions-000432.c		
1057f2804	1057f2ebf	decompiled	chunks/006/functions-000432.c		
1057f2ec0	1057f2f47	decompiled	chunks/006/functions-000432.c		
1057f2f48	1057f307f	decompiled	chunks/006/functions-000432.c		
1057f3080	1057f3293	decompiled	chunks/006/functions-000432.c		
1057f3294	1057f350b	decompiled	chunks/006/functions-000432.c		
1057f350c	1057f3537	decompiled	chunks/006/functions-000432.c	+[SCGrapheneFavoritesMetric addFavorite]	
1057f3538	1057f3563	decompiled	chunks/006/functions-000432.c	+[SCGrapheneFavoritesMetric removeFavorite]	
1057f3564	1057f3603	decompiled	chunks/006/functions-000432.c	-[SCGrapheneFavoritesMetric description]	
1057f3604	1057f374f	decompiled	chunks/006/functions-000432.c	-[SCGrapheneRegistry favoritesGraphene]	
1057f3750	1057f377b	decompiled	chunks/006/functions-000432.c	+[SCGrapheneUserdataMetric recentsMigrationSuccess]	
1057f377c	1057f37a7	decompiled	chunks/006/functions-000432.c	+[SCGrapheneUserdataMetric recentsMigrationFailure]	
1057f37a8	1057f37d3	decompiled	chunks/006/functions-000432.c	+[SCGrapheneUserdataMetric userdataUpdateJobSuccess]	
1057f37d4	1057f37ff	decompiled	chunks/006/functions-000432.c	+[SCGrapheneUserdataMetric userdataUpdateJobFailure]	
1057f3800	1057f389f	decompiled	chunks/006/functions-000432.c	-[SCGrapheneUserdataMetric description]	
1057f38a0	1057f39ff	decompiled	chunks/006/functions-000432.c	-[SCGrapheneRegistry userdataGraphene]	
1057f3a00	1057f3acb	decompiled	chunks/006/functions-000432.c	-[SCCTPUserDataUpdate initWithExternalId:category:entityType:updateType:attempts:]	
1057f3acc	1057f3aef	decompiled	chunks/006/functions-000432.c	-[SCCTPUserDataUpdate copyWithZone:]	
1057f3af0	1057f3b83	decompiled	chunks/006/functions-000432.c	-[SCCTPUserDataUpdate hash]	
1057f3b84	1057f3c7b	decompiled	chunks/006/functions-000432.c	-[SCCTPUserDataUpdate isEqual:]	
1057f3c7c	1057f3c8b	decompiled	chunks/006/functions-000432.c	-[SCCTPUserDataUpdate externalId]	
1057f3c8c	1057f3c9b	decompiled	chunks/006/functions-000432.c	-[SCCTPUserDataUpdate category]	
1057f3c9c	1057f3cab	decompiled	chunks/006/functions-000432.c	-[SCCTPUserDataUpdate entityType]	
1057f3cac	1057f3cbb	decompiled	chunks/006/functions-000432.c	-[SCCTPUserDataUpdate updateType]	
1057f3cbc	1057f3ccb	decompiled	chunks/006/functions-000432.c	-[SCCTPUserDataUpdate attempts]	
1057f3ccc	1057f3cdf	decompiled	chunks/006/functions-000432.c	-[SCCTPUserDataUpdate .cxx_destruct]	
1057f3ce0	1057f3d9b	decompiled	chunks/006/functions-000432.c		
1057f3d9c	1057f3dd7	decompiled	chunks/006/functions-000432.c		
1057f3dd8	1057f3e2b	decompiled	chunks/006/functions-000432.c		
1057f3e2c	1057f3ee7	decompiled	chunks/006/functions-000432.c		
1057f3ee8	1057f3f23	decompiled	chunks/006/functions-000432.c		
1057f3f24	1057f3f77	decompiled	chunks/006/functions-000432.c		
1057f3f78	1057f3f83	decompiled	chunks/006/functions-000432.c	+[SCCTPUserDataUpdate table]	
1057f3f84	1057f40d7	decompiled	chunks/006/functions-000432.c	+[SCCTPUserDataUpdate immutableObjectParse:bufferSize:]	
1057f40d8	1057f40fb	decompiled	chunks/006/functions-000432.c	+[SCCTPUserDataUpdate objectClassFunctionPointer]	
1057f40fc	1057f41c7	decompiled	chunks/006/functions-000432.c		
1057f41c8	1057f423b	decompiled	chunks/006/functions-000432.c		
1057f423c	1057f45c7	decompiled	chunks/006/functions-000432.c		
1057f45c8	1057f463b	decompiled	chunks/006/functions-000432.c		
1057f463c	1057f4833	decompiled	chunks/006/functions-000432.c		
1057f4834	1057f48a3	decompiled	chunks/006/functions-000432.c		
1057f48a4	1057f48af	decompiled	chunks/006/functions-000432.c	-[SCCTPUserDataUpdateChangeRequest .cxx_destruct]	
1057f48b0	1057f48bb	decompiled	chunks/006/functions-000432.c	-[SCCTPUserDataUpdateChangeRequest table]	
1057f48bc	1057f4903	decompiled	chunks/006/functions-000432.c	-[SCCTPUserDataUpdateChangeRequest createTableWithSQLite:]	
1057f4904	1057f4c8b	decompiled	chunks/006/functions-000432.c	-[SCCTPUserDataUpdateChangeRequest transactWithSQLite:flatbuffers:]	
1057f4c8c	1057f4ecf	decompiled	chunks/006/functions-000432.c		
1057f4ed0	1057f4f4b	decompiled	chunks/006/functions-000432.c		
1057f4f4c	1057f4f63	decompiled	chunks/006/functions-000432.c		
1057f4f64	1057f4fef	decompiled	chunks/006/functions-000432.c	+[SCCTPCTComputeBackendData descriptor]	
1057f4ff0	1057f506b	decompiled	chunks/006/functions-000432.c	+[SCCTPCTComputeBackendData_RequestedFeed descriptor]	
1057f506c	1057f50e7	decompiled	chunks/006/functions-000432.c	+[SCCTPCTComputeBackendData_RequestedFeed_ClientFeatures descriptor]	
1057f50e8	1057f51df	decompiled	chunks/006/functions-000432.c	+[SCCTPCTComputeBackendData_ChatRecentsOptions descriptor]	
1057f51e0	1057f51eb	decompiled	chunks/006/functions-000432.c		
1057f51ec	1057f5253	decompiled	chunks/006/functions-000432.c	+[SCCTPCTRequestParams descriptor]	
1057f5254	1057f52df	decompiled	chunks/006/functions-000432.c	+[SCCTPCTRequestOptions descriptor]	
1057f52e0	1057f535b	decompiled	chunks/006/functions-000432.c	+[SCCTPCTRequestOptions_Cameos descriptor]	
1057f535c	1057f53df	decompiled	chunks/006/functions-000432.c	+[SCCTPCTRequestOptions_Bitmoji descriptor]	
1057f53e0	1057f5447	decompiled	chunks/006/functions-000432.c	+[SCCTPAcceptLanguagesEntry descriptor]	
1057f5448	1057f552b	decompiled	chunks/006/functions-000432.c	+[SCCTPCaptionsRequest descriptor]	
1057f552c	1057f5537	decompiled	chunks/006/functions-000432.c		
1057f5538	1057f559f	decompiled	chunks/006/functions-000432.c	+[SCCTPUserInfo descriptor]	
1057f55a0	1057f5607	decompiled	chunks/006/functions-000432.c	+[SCCTPGeoLocation descriptor]	
1057f5608	1057f566f	decompiled	chunks/006/functions-000432.c	+[SCCTPTimeZone descriptor]	
1057f5670	1057f572b	decompiled	chunks/006/functions-000432.c	-[SCCreativeToolsSnapReplyServiceProvider provide]	
1057f572c	1057f576f	decompiled	chunks/006/functions-000432.c	-[SCCreativeToolsSnapReplyServiceProvider .cxx_destruct]	
1057f5770	1057f5907	decompiled	chunks/006/functions-000432.c	-[SCSmartReplySearchTagServiceProvider provide]	
1057f5908	1057f59c3	decompiled	chunks/006/functions-000432.c		
1057f59c4	1057f5a07	decompiled	chunks/006/functions-000432.c	-[SCSmartReplySearchTagServiceProvider .cxx_destruct]	
1057f5a08	1057f5aaf	decompiled	chunks/006/functions-000432.c	-[SCSmartReplySearchTagsModelProviderImpl initWithContentDelivery:withPerformer:]	
1057f5ab0	1057f5bcb	decompiled	chunks/006/functions-000432.c	-[SCSmartReplySearchTagsModelProviderImpl prepareModelWithPath:withConfiguration:]	
1057f5bcc	1057f5c07	decompiled	chunks/006/functions-000432.c		
1057f5c08	1057f5d83	decompiled	chunks/006/functions-000432.c	-[SCSmartReplySearchTagsModelProviderImpl model]	
1057f5d84	1057f5f3f	decompiled	chunks/006/functions-000432.c	-[SCSmartReplySearchTagsModelProviderImpl _prepareModelWithPath:withConfiguration:]	
1057f5f40	1057f6047	decompiled	chunks/006/functions-000432.c		
1057f6048	1057f6177	decompiled	chunks/006/functions-000432.c		
1057f6178	1057f6267	decompiled	chunks/006/functions-000432.c		
1057f6268	1057f6467	decompiled	chunks/006/functions-000432.c	-[SCSmartReplySearchTagsModelProviderImpl _loadModelDataWithPath:withCompletion:]	
1057f6468	1057f65cb	decompiled	chunks/006/functions-000432.c		
1057f65cc	1057f664b	decompiled	chunks/006/functions-000432.c	-[SCSmartReplySearchTagsModelProviderImpl _completeCurrentLoadingWithModel:]	
1057f664c	1057f66ab	decompiled	chunks/006/functions-000432.c	-[SCSmartReplySearchTagsModelProviderImpl .cxx_destruct]	
1057f66ac	1057f6773	decompiled	chunks/006/functions-000432.c	-[SCSmartReplySearchTagsProviderImpl initWithModelDataLoader:withExecutionPerformer:]	
1057f6774	1057f678b	decompiled	chunks/006/functions-000432.c		
1057f678c	1057f685b	decompiled	chunks/006/functions-000432.c	-[SCSmartReplySearchTagsProviderImpl setupConfiguration:]	
1057f685c	1057f6987	decompiled	chunks/006/functions-000432.c	-[SCSmartReplySearchTagsProviderImpl searchTagsForQuery:]	
1057f6988	1057f6a7f	decompiled	chunks/006/functions-000432.c		
1057f6a80	1057f6a97	decompiled	chunks/006/functions-000432.c		
1057f6a98	1057f6bc3	decompiled	chunks/006/functions-000432.c	-[SCSmartReplySearchTagsProviderImpl bestSearchTagForQuery:]	
1057f6bc4	1057f6cbb	decompiled	chunks/006/functions-000432.c		
1057f6cbc	1057f6cd3	decompiled	chunks/006/functions-000432.c		
1057f6cd4	1057f6d0f	decompiled	chunks/006/functions-000432.c	-[SCSmartReplySearchTagsProviderImpl .cxx_destruct]	
1057f6d10	1057f6d6f	decompiled	chunks/006/functions-000432.c	+[SCNSmartReplyConfiguration from:]	
1057f6d70	1057f6e57	decompiled	chunks/006/functions-000433.c	+[SCNSmartReplySmartReplyModel from:withConfiguration:]	
1057f6e58	1057f6e67	decompiled	chunks/006/functions-000433.c		
1057f6e68	1057f6ec7	decompiled	chunks/006/functions-000433.c		
1057f6ec8	1057f6fe7	decompiled	chunks/006/functions-000433.c	+[SCNSmartReplySmartReplyModel _initErrorWithCode:data:]	
1057f6fe8	1057f70ab	decompiled	chunks/006/functions-000433.c	-[SCNSmartReplySmartReplyModel tagsForQuery:]	
1057f70ac	1057f710b	decompiled	chunks/006/functions-000433.c		
1057f710c	1057f711b	decompiled	chunks/006/functions-000433.c		
1057f711c	1057f71a3	decompiled	chunks/006/functions-000433.c		
1057f71a4	1057f7267	decompiled	chunks/006/functions-000433.c	-[SCNSmartReplySmartReplyModel bestTagForQuery:]	
1057f7268	1057f72c7	decompiled	chunks/006/functions-000433.c		
1057f72c8	1057f734f	decompiled	chunks/006/functions-000433.c		
1057f7350	1057f742f	decompiled	chunks/006/functions-000433.c	+[SCNSmartReplySmartReplyModel _classifyErrorWithCode:forSearchQuery:]	
1057f7430	1057f74bf	decompiled	chunks/006/functions-000433.c	+[SCSmartReplySearchTag from:]	
1057f74c0	1057f752b	decompiled	chunks/006/functions-000433.c		
1057f752c	1057f7537	decompiled	chunks/006/functions-000433.c		
1057f7538	1057f75af	decompiled	chunks/006/functions-000433.c	-[SCNSmartReplySmartReplyModel initWithCpp:]	
1057f75b0	1057f7767	decompiled	chunks/006/functions-000433.c	+[SCNSmartReplySmartReplyModel newModel:configuration:]	
1057f7768	1057f7933	decompiled	chunks/006/functions-000433.c	-[SCNSmartReplySmartReplyModel classifyTagsForQuery:]	
1057f7934	1057f7ad3	decompiled	chunks/006/functions-000433.c	-[SCNSmartReplySmartReplyModel classifyBestTagForQuery:]	
1057f7ad4	1057f7b27	decompiled	chunks/006/functions-000433.c	-[SCNSmartReplySmartReplyModel .cxx_destruct]	
1057f7b28	1057f7b6b	decompiled	chunks/006/functions-000433.c	-[SCNSmartReplySmartReplyModel .cxx_construct]	
1057f7b6c	1057f7b8b	decompiled	chunks/006/functions-000433.c		
1057f7b8c	1057f7bb7	decompiled	chunks/006/functions-000433.c		
1057f7bb8	1057f7bd7	decompiled	chunks/006/functions-000433.c		
1057f7bd8	1057f7c4b	decompiled	chunks/006/functions-000433.c		
1057f7c4c	1057f7c53	decompiled	chunks/006/functions-000433.c		
1057f7c54	1057f7c8f	decompiled	chunks/006/functions-000433.c		
1057f7c90	1057f7cbb	decompiled	chunks/006/functions-000433.c		
1057f7cbc	1057f7d2f	decompiled	chunks/006/functions-000433.c		
1057f7d30	1057f7d5f	decompiled	chunks/006/functions-000433.c		
1057f7d60	1057f7da7	decompiled	chunks/006/functions-000433.c		
1057f7da8	1057f7def	decompiled	chunks/006/functions-000433.c	-[SCNSmartReplyConfiguration initWithIsTagsNormalized:]	
1057f7df0	1057f7df7	decompiled	chunks/006/functions-000433.c	-[SCNSmartReplyConfiguration isTagsNormalized]	
1057f7df8	1057f7eab	decompiled	chunks/006/functions-000433.c	-[SCNSmartReplySmartReplyAnswerTag initWithKeyPhrase:probability:]	
1057f7eac	1057f7eb3	decompiled	chunks/006/functions-000433.c	-[SCNSmartReplySmartReplyAnswerTag keyPhrase]	
1057f7eb4	1057f7ebb	decompiled	chunks/006/functions-000433.c	-[SCNSmartReplySmartReplyAnswerTag probability]	
1057f7ebc	1057f7ec7	decompiled	chunks/006/functions-000433.c	-[SCNSmartReplySmartReplyAnswerTag .cxx_destruct]	
1057f7ec8	1057f7ef3	decompiled	chunks/006/functions-000433.c		
1057f7ef4	1057f87ab	decompiled	chunks/006/functions-000433.c		
1057f87ac	1057f887b	decompiled	chunks/006/functions-000433.c		
1057f887c	1057f8d2b	decompiled	chunks/006/functions-000433.c		
1057f8d2c	1057f909f	decompiled	chunks/006/functions-000433.c		
1057f90a0	1057f913b	decompiled	chunks/006/functions-000433.c		
1057f913c	1057f91bb	decompiled	chunks/006/functions-000433.c		
1057f91bc	1057f91f3	decompiled	chunks/006/functions-000433.c		
1057f91f4	1057f9213	decompiled	chunks/006/functions-000433.c		
1057f9214	1057f921f	decompiled	chunks/006/functions-000433.c		
1057f9220	1057f924b	decompiled	chunks/006/functions-000433.c		
1057f924c	1057f9263	decompiled	chunks/006/functions-000433.c		
1057f9264	1057f92a7	decompiled	chunks/006/functions-000433.c		
1057f92a8	1057f9353	decompiled	chunks/006/functions-000433.c		
1057f9354	1057f9393	decompiled	chunks/006/functions-000433.c		
1057f9394	1057f93b3	decompiled	chunks/006/functions-000433.c		
1057f93b4	1057f93df	decompiled	chunks/006/functions-000433.c		
1057f93e0	1057f9403	decompiled	chunks/006/functions-000433.c		
1057f9404	1057f94e3	decompiled	chunks/006/functions-000433.c		
1057f94e4	1057f94ef	decompiled	chunks/006/functions-000433.c		
1057f94f0	1057f953f	decompiled	chunks/006/functions-000433.c		
1057f9540	1057f9617	decompiled	chunks/006/functions-000433.c		
1057f9618	1057f9637	decompiled	chunks/006/functions-000433.c		
1057f9638	1057f96a3	decompiled	chunks/006/functions-000433.c		
1057f96a4	1057f96b3	decompiled	chunks/006/functions-000433.c		
1057f96b4	1057f96c7	decompiled	chunks/006/functions-000433.c		
1057f96c8	1057f96eb	decompiled	chunks/006/functions-000433.c		
1057f96ec	1057f973b	decompiled	chunks/006/functions-000433.c		
1057f973c	1057f97b7	decompiled	chunks/006/functions-000433.c		
1057f97b8	1057f97cf	decompiled	chunks/006/functions-000433.c		
1057f97d0	1057f9837	decompiled	chunks/006/functions-000433.c		
1057f9838	1057f98ef	decompiled	chunks/006/functions-000433.c		
1057f98f0	1057f9933	decompiled	chunks/006/functions-000433.c		
1057f9934	1057f998b	decompiled	chunks/006/functions-000433.c		
1057f998c	1057f99bf	decompiled	chunks/006/functions-000433.c		
1057f99c0	1057f99c7	decompiled	chunks/006/functions-000433.c		
1057f99c8	1057f9a27	decompiled	chunks/006/functions-000433.c		
1057f9a28	1057f9a33	decompiled	chunks/006/functions-000433.c		
1057f9a34	1057f9aaf	decompiled	chunks/006/functions-000433.c		
1057f9ab0	1057f9af7	decompiled	chunks/006/functions-000433.c		
1057f9af8	1057f9b1f	decompiled	chunks/006/functions-000433.c		
1057f9b20	1057fa267	decompiled	chunks/006/functions-000433.c		
1057fa268	1057fa31f	decompiled	chunks/006/functions-000433.c		
1057fa320	1057fa377	decompiled	chunks/006/functions-000433.c		
1057fa378	1057fa41b	decompiled	chunks/006/functions-000433.c		
1057fa41c	1057fa5db	decompiled	chunks/006/functions-000433.c		
1057fa5dc	1057fa697	decompiled	chunks/006/functions-000433.c		
1057fa698	1057fa69f	decompiled	chunks/006/functions-000433.c		
1057fa6a0	1057fa6db	decompiled	chunks/006/functions-000433.c		
1057fa6dc	1057fa6ef	decompiled	chunks/006/functions-000433.c		
1057fa6f0	1057fa773	decompiled	chunks/006/functions-000433.c		
1057fa774	1057fa78b	decompiled	chunks/006/functions-000433.c		
1057fa78c	1057fa7db	decompiled	chunks/006/functions-000433.c		
1057fa7dc	1057fa7f3	decompiled	chunks/006/functions-000433.c		
1057fa7f4	1057fa833	decompiled	chunks/006/functions-000433.c		
1057fa834	1057fabd7	decompiled	chunks/006/functions-000433.c		
1057fabd8	1057fadf3	decompiled	chunks/006/functions-000433.c		
1057fadf4	1057fae93	decompiled	chunks/006/functions-000433.c		
1057fae94	1057fae97	decompiled	chunks/006/functions-000433.c		
1057fae98	1057fb1ab	decompiled	chunks/006/functions-000433.c		
1057fb1ac	1057fb3db	decompiled	chunks/006/functions-000433.c		
1057fb3dc	1057fb3df	decompiled	chunks/006/functions-000433.c		
1057fb3e0	1057fb407	decompiled	chunks/006/functions-000433.c		
1057fb408	1057fb41f	decompiled	chunks/006/functions-000434.c		
1057fb420	1057fb44b	decompiled	chunks/006/functions-000434.c		
1057fb44c	1057fb45f	decompiled	chunks/006/functions-000434.c		
1057fb460	1057fb57f	decompiled	chunks/006/functions-000434.c		
1057fb580	1057fb64f	decompiled	chunks/006/functions-000434.c		
1057fb650	1057fb653	decompiled	chunks/006/functions-000434.c		
1057fb654	1057fb667	decompiled	chunks/006/functions-000434.c		
1057fb668	1057fb687	decompiled	chunks/006/functions-000434.c		
1057fb688	1057fb6af	decompiled	chunks/006/functions-000434.c		
1057fb6b0	1057fb76b	decompiled	chunks/006/functions-000434.c		
1057fb76c	1057fb80b	decompiled	chunks/006/functions-000434.c		
1057fb80c	1057fba4f	decompiled	chunks/006/functions-000434.c		
1057fba50	1057fba57	decompiled	chunks/006/functions-000434.c		
1057fba58	1057fbc17	decompiled	chunks/006/functions-000434.c	-[CTPProtobufEntityTransformerIntentToReaction intentToReactionIDMapFromProtobuf:]	
1057fbc18	1057fc077	decompiled	chunks/006/functions-000434.c	+[SCReactionsFactory reactionFromCTPItem:]	
1057fc078	1057fc08f	decompiled	chunks/006/functions-000434.c		
1057fc090	1057fc0c7	decompiled	chunks/006/functions-000434.c		
1057fc0c8	1057fc0cb	decompiled	chunks/006/functions-000434.c		
1057fc0cc	1057fc13f	decompiled	chunks/006/functions-000434.c	-[SCReactionsLogger initWithGrapheneRegistry:]	
1057fc140	1057fc22b	decompiled	chunks/006/functions-000434.c	-[SCReactionsLogger logInterfaceRequestForType:]	
1057fc22c	1057fc383	decompiled	chunks/006/functions-000434.c	-[SCReactionsLogger logRequestStart:isRetry:]	
1057fc384	1057fc4e3	decompiled	chunks/006/functions-000434.c	-[SCReactionsLogger logRequestLatency:type:isRetry:]	
1057fc4e4	1057fc69f	decompiled	chunks/006/functions-000434.c	-[SCReactionsLogger logRequestSuccess:isRetry:numIntentsReturned:]	
1057fc6a0	1057fc78b	decompiled	chunks/006/functions-000434.c	-[SCReactionsLogger logRequestFailure:]	
1057fc78c	1057fc947	decompiled	chunks/006/functions-000434.c	-[SCReactionsLogger logIncompleteMap:presentElements:type:]	
1057fc948	1057fca9f	decompiled	chunks/006/functions-000434.c	-[SCReactionsLogger logIntentFailure:isRetry:]	
1057fcaa0	1057fcbf7	decompiled	chunks/006/functions-000434.c	-[SCReactionsLogger logIntentItemNotFound:isRetry:]	
1057fcbf8	1057fcc03	decompiled	chunks/006/functions-000434.c	-[SCReactionsLogger .cxx_destruct]	
1057fcc04	1057fcd0f	decompiled	chunks/006/functions-000434.c	-[SCReactionsProviderImpl initWithItemsRepository:circumstanceEngine:grapheneRegistry:persistenceServices:]	
1057fcd10	1057fcd3f	decompiled	chunks/006/functions-000434.c	-[SCReactionsProviderImpl reactions]	
1057fcd40	1057fcda7	decompiled	chunks/006/functions-000434.c	-[SCReactionsProviderImpl reactionsForIntents:]	
1057fcda8	1057fcf2f	decompiled	chunks/006/functions-000434.c	-[SCReactionsProviderImpl _reactionsWithRetryCount:]	
1057fcf30	1057fd0b7	decompiled	chunks/006/functions-000434.c		
1057fd0b8	1057fd0cf	decompiled	chunks/006/functions-000434.c		
1057fd0d0	1057fd483	decompiled	chunks/006/functions-000434.c		
1057fd484	1057fd62b	decompiled	chunks/006/functions-000434.c		
1057fd62c	1057fd813	decompiled	chunks/006/functions-000434.c	-[SCReactionsProviderImpl _reactionsForIntents:retryCount:]	
1057fd814	1057fd9db	decompiled	chunks/006/functions-000434.c		
1057fd9dc	1057fdf63	decompiled	chunks/006/functions-000434.c		
1057fdf64	1057fe0b3	decompiled	chunks/006/functions-000434.c		
1057fe0b4	1057fe0ef	decompiled	chunks/006/functions-000434.c	-[SCReactionsProviderImpl _clearPersistenceLayer]	
1057fe0f0	1057fe13f	decompiled	chunks/006/functions-000434.c	-[SCReactionsProviderImpl _logIncompleteItems:presentItems:requestType:isRetry:]	
1057fe140	1057fe147	decompiled	chunks/006/functions-000434.c	-[SCReactionsProviderImpl _itemFetchStrategy]	
1057fe148	1057fe1eb	decompiled	chunks/006/functions-000434.c	-[SCReactionsProviderImpl _chatReactionsFeed]	
1057fe1ec	1057fe273	decompiled	chunks/006/functions-000434.c	-[SCReactionsProviderImpl _createIntentionsMap]	
1057fe274	1057fe393	decompiled	chunks/006/functions-000434.c		
1057fe394	1057fe39b	decompiled	chunks/006/functions-000434.c	-[SCReactionsProviderImpl reactionsLogger]	
1057fe39c	1057fe3cb	decompiled	chunks/006/functions-000434.c	-[SCReactionsProviderImpl setReactionsLogger:]	
1057fe3cc	1057fe413	decompiled	chunks/006/functions-000434.c	-[SCReactionsProviderImpl .cxx_destruct]	
1057fe414	1057fe5cf	decompiled	chunks/006/functions-000434.c		
1057fe5d0	1057fe63b	decompiled	chunks/006/functions-000434.c	-[SCReactionsServiceProvider .cxx_destruct]	
1057fe63c	1057fe667	decompiled	chunks/006/functions-000434.c	+[SCGrapheneCtReactionsMetric reactionsRequestCount]	
1057fe668	1057fe693	decompiled	chunks/006/functions-000434.c	+[SCGrapheneCtReactionsMetric reactionsResponseLatency]	
1057fe694	1057fe6bf	decompiled	chunks/006/functions-000434.c	+[SCGrapheneCtReactionsMetric reactionsFetchFailure]	
1057fe6c0	1057fe6eb	decompiled	chunks/006/functions-000434.c	+[SCGrapheneCtReactionsMetric reactionsFetchSuccess]	
1057fe6ec	1057fe717	decompiled	chunks/006/functions-000434.c	+[SCGrapheneCtReactionsMetric reactionsFetchPartialSuccess]	
1057fe718	1057fe743	decompiled	chunks/006/functions-000434.c	+[SCGrapheneCtReactionsMetric reactionsReturnedCount]	
1057fe744	1057fe76f	decompiled	chunks/006/functions-000434.c	+[SCGrapheneCtReactionsMetric reactionsMapIncomplete]	
1057fe770	1057fe79b	decompiled	chunks/006/functions-000434.c	+[SCGrapheneCtReactionsMetric intentItemNotFound]	
1057fe79c	1057fe7c7	decompiled	chunks/006/functions-000434.c	+[SCGrapheneCtReactionsMetric intentItemMapFailed]	
1057fe7c8	1057fe7f3	decompiled	chunks/006/functions-000434.c	+[SCGrapheneCtReactionsMetric reactionsApiCount]	
1057fe7f4	1057fe893	decompiled	chunks/006/functions-000434.c	-[SCGrapheneCtReactionsMetric description]	
1057fe894	1057fea2f	decompiled	chunks/006/functions-000434.c	-[SCGrapheneRegistry ctReactionsGraphene]	
1057fea30	1057fea97	decompiled	chunks/006/functions-000434.c	+[SCCTPCTIntentToReaction descriptor]	
1057fea98	1057feb13	decompiled	chunks/006/functions-000434.c	+[SCCTPCTIntentToReaction_IntentReaction descriptor]	
1057feb14	1057fec4b	decompiled	chunks/006/functions-000434.c		
1057fec4c	1057fec67	decompiled	chunks/006/functions-000434.c		
1057fec68	1057fecb7	decompiled	chunks/006/functions-000434.c	-[SCVoiceoverServiceProvider .cxx_destruct]	
1057fecb8	1057fed8f	decompiled	chunks/006/functions-000434.c	-[SCVoiceoverGenericAssetFactory genericAssetDataForVoiceoverAudio:]	
1057fed90	1057fed9b	decompiled	chunks/006/functions-000434.c		
1057fed9c	1057fee83	decompiled	chunks/006/functions-000434.c	-[SCVoiceoverMediaLoader initWithMemoriesMediaRetriever:temporaryFileWriter:circumstanceEngine:]	
1057fee84	1057fef9b	decompiled	chunks/006/functions-000434.c	-[SCVoiceoverMediaLoader requestDecryptedVoiceoverAudioForSnapID:queue:completion:]	
1057fef9c	1057ff073	decompiled	chunks/006/functions-000434.c	-[SCVoiceoverMediaLoader requestVoiceoverAudioWithDecryptedData:completionQueue:completion:]	
1057ff074	1057ff083	decompiled	chunks/006/functions-000434.c		
1057ff084	1057ff163	decompiled	chunks/006/functions-000434.c	-[SCVoiceoverMediaLoader _asyncEncryptedContentDataResultHandlerWithCompletion:onQueue:]	
1057ff164	1057ff2c7	decompiled	chunks/006/functions-000434.c		
1057ff2c8	1057ff3bf	decompiled	chunks/006/functions-000434.c		
1057ff3c0	1057ff3cf	decompiled	chunks/006/functions-000434.c		
1057ff3d0	1057ff43f	decompiled	chunks/006/functions-000434.c		
1057ff440	1057ff44f	decompiled	chunks/006/functions-000434.c		
1057ff450	1057ff59b	decompiled	chunks/006/functions-000434.c	-[SCVoiceoverMediaLoader _voiceoverAudioWithVoiceoverAssetData:completionQueue:completion:]	
1057ff59c	1057ff5bb	decompiled	chunks/006/functions-000434.c		
1057ff5bc	1057ff78b	decompiled	chunks/006/functions-000434.c	-[SCVoiceoverMediaLoader _voiceoverAudioWithVoiceoverAsset:completionQueue:completion:]	
1057ff78c	1057ff7ab	decompiled	chunks/006/functions-000434.c		
1057ff7ac	1057ffc23	decompiled	chunks/006/functions-000434.c	-[SCVoiceoverMediaLoader _stitchAudioSegments:fromAsset:completionQueue:completion:]	
1057ffc24	1057ffc33	decompiled	chunks/006/functions-000434.c		
1057ffc34	1057ffd67	decompiled	chunks/006/functions-000434.c		
1057ffd68	1057ffd87	decompiled	chunks/006/functions-000434.c		
1057ffd88	10580003b	decompiled	chunks/006/functions-000434.c	-[SCVoiceoverMediaLoader _completeWithAudioData:fromAsset:completionQueue:completion:]	
10580003c	10580005b	decompiled	chunks/006/functions-000434.c		
10580005c	10580011b	decompiled	chunks/006/functions-000434.c	-[SCVoiceoverMediaLoader .cxx_destruct]	
10580011c	105800397	decompiled	chunks/006/functions-000434.c		
105800398	1058003fb	decompiled	chunks/006/functions-000434.c		
1058003fc	1058004a7	decompiled	chunks/006/functions-000434.c		
1058004a8	1058004cb	decompiled	chunks/006/functions-000434.c		
1058004cc	105800607	decompiled	chunks/006/functions-000434.c		
105800608	105800663	decompiled	chunks/006/functions-000434.c		
105800664	10580077f	decompiled	chunks/006/functions-000434.c		
105800780	105800833	decompiled	chunks/006/functions-000434.c		
105800834	10580088f	decompiled	chunks/006/functions-000434.c		
105800890	1058008df	decompiled	chunks/006/functions-000435.c	-[SCPollServiceProvider .cxx_destruct]	
1058008e0	1058009bf	decompiled	chunks/006/functions-000435.c	-[SCPollsCreationManager initWithPollsDataCreator:performerProvider:]	
1058009c0	1058009d3	decompiled	chunks/006/functions-000435.c	-[SCPollsCreationManager setPendingPollWithSnapSessionId:poll:]	
1058009d4	1058009db	decompiled	chunks/006/functions-000435.c	-[SCPollsCreationManager getPendingPollWithSnapSessionId:clientPollId:]	
1058009dc	105800b83	decompiled	chunks/006/functions-000435.c	-[SCPollsCreationManager createRemotePollWithSnapSessionId:clientPollId:completion:]	
105800b84	105800b8f	decompiled	chunks/006/functions-000435.c		
105800b90	105800bcb	decompiled	chunks/006/functions-000435.c	-[SCPollsCreationManager .cxx_destruct]	
105800bcc	105800c3f	decompiled	chunks/006/functions-000435.c	-[SCPollsDataCreator initWithPollsGRPCService:]	
105800c40	105800ee3	decompiled	chunks/006/functions-000435.c	-[SCPollsDataCreator createPoll:completion:]	
105800ee4	105800eef	decompiled	chunks/006/functions-000435.c	-[SCPollsDataCreator .cxx_destruct]	
105800ef0	105800f7f	decompiled	chunks/006/functions-000435.c	-[SCPollsVotingService initWithPollsGRPCService:]	
105800f80	105800ffb	decompiled	chunks/006/functions-000435.c	-[SCPollsVotingService _pushVotes:forPollId:]	
105800ffc	1058010bb	decompiled	chunks/006/functions-000435.c	-[SCPollsVotingService observeVotesWithPollId:]	
1058010bc	105801103	decompiled	chunks/006/functions-000435.c		
105801104	10580110b	decompiled	chunks/006/functions-000435.c		
10580110c	10580128b	decompiled	chunks/006/functions-000435.c	-[SCPollsVotingService fetchVotesWithPollId:]	
10580128c	10580144f	decompiled	chunks/006/functions-000435.c		
105801450	105801777	decompiled	chunks/006/functions-000435.c		
105801778	105801863	decompiled	chunks/006/functions-000435.c	-[SCPollsVotingService publishVotesWithSerializedInteractions:pollId:]	
105801864	105801a23	decompiled	chunks/006/functions-000435.c	-[SCPollsVotingService vote:pollId:]	
105801a24	105801be7	decompiled	chunks/006/functions-000435.c		
105801be8	105801c5f	decompiled	chunks/006/functions-000435.c	-[SCPollsVotingService .cxx_destruct]	
105801c60	105801d0b	decompiled	chunks/006/functions-000435.c	-[SCPollsVoteUpdate initWithPollId:votes:]	
105801d0c	105801d2f	decompiled	chunks/006/functions-000435.c	-[SCPollsVoteUpdate copyWithZone:]	
105801d30	105801da3	decompiled	chunks/006/functions-000435.c	-[SCPollsVoteUpdate hash]	
105801da4	105801e4b	decompiled	chunks/006/functions-000435.c	-[SCPollsVoteUpdate isEqual:]	
105801e4c	105801e53	decompiled	chunks/006/functions-000435.c	-[SCPollsVoteUpdate pollId]	
105801e54	105801e5b	decompiled	chunks/006/functions-000435.c	-[SCPollsVoteUpdate votes]	
105801e5c	105801e8b	decompiled	chunks/006/functions-000435.c	-[SCPollsVoteUpdate .cxx_destruct]	
105801e8c	105801eff	decompiled	chunks/006/functions-000435.c	-[UNISCPPollService initWithUnifiedGrpcService:]	
105801f00	105801fe3	decompiled	chunks/006/functions-000435.c	-[UNISCPPollService createPollWithRequest:callOptionsBuilder:handler:]	
105801fe4	1058020c7	decompiled	chunks/006/functions-000435.c	-[UNISCPPollService getPollWithRequest:callOptionsBuilder:handler:]	
1058020c8	1058021ab	decompiled	chunks/006/functions-000435.c	-[UNISCPPollService voteWithRequest:callOptionsBuilder:handler:]	
1058021ac	1058021b7	decompiled	chunks/006/functions-000435.c	-[UNISCPPollService .cxx_destruct]	
1058021b8	10580221f	decompiled	chunks/006/functions-000435.c	+[SCPGetPollRequest descriptor]	
105802220	105802287	decompiled	chunks/006/functions-000435.c	+[SCPGetPollResponse descriptor]	
105802288	1058022ef	decompiled	chunks/006/functions-000435.c	+[SCPVoteRequest descriptor]	
1058022f0	105802357	decompiled	chunks/006/functions-000435.c	+[SCPVoteResponse descriptor]	
105802358	1058023bf	decompiled	chunks/006/functions-000435.c	+[SCPCreatePollRequest descriptor]	
1058023c0	105802427	decompiled	chunks/006/functions-000435.c	+[SCPCreatePollResponse descriptor]	
105802428	10580248f	decompiled	chunks/006/functions-000435.c	+[SCPVoter descriptor]	
105802490	1058024f7	decompiled	chunks/006/functions-000435.c	+[SCPVoters descriptor]	
1058024f8	10580255f	decompiled	chunks/006/functions-000435.c	+[SCPPollInteractions descriptor]	
105802560	105802597	decompiled	chunks/006/functions-000435.c	-[CTPSearchQueriesDeltaSyncProcessorEntryPoint .cxx_destruct]	
105802598	1058026d7	decompiled	chunks/006/functions-000435.c	-[CTPSearchQueriesServiceProvider provide]	
1058026d8	1058027bf	decompiled	chunks/006/functions-000435.c		
1058027c0	10580280f	decompiled	chunks/006/functions-000435.c	-[CTPSearchQueriesServiceProvider .cxx_destruct]	
105802810	105802953	decompiled	chunks/006/functions-000435.c	-[CTPEmojiQueriesDeltaSyncRepository initWithDocObjectContext:deltaSyncService:circumstanceEngine:]	
105802954	105802ac7	decompiled	chunks/006/functions-000435.c	-[CTPEmojiQueriesDeltaSyncRepository fetchQueriesForEmojis:performer:completion:]	
105802ac8	105802b53	decompiled	chunks/006/functions-000435.c		
105802b54	105802c67	decompiled	chunks/006/functions-000435.c	-[CTPEmojiQueriesDeltaSyncRepository _fetchEmojiQueries]	
105802c68	105802fa3	decompiled	chunks/006/functions-000435.c	-[CTPEmojiQueriesDeltaSyncRepository _getQueriesForEmojis:]	
105802fa4	105802feb	decompiled	chunks/006/functions-000435.c	-[CTPEmojiQueriesDeltaSyncRepository .cxx_destruct]	
105802fec	105803013	decompiled	chunks/006/functions-000435.c	-[CTPSearchQueriesDeltaSyncProcessor type]	
105803014	10580302b	decompiled	chunks/006/functions-000435.c		
10580302c	1058038c7	decompiled	chunks/006/functions-000435.c	-[CTPSearchQueriesDeltaSyncProcessor processDeltaSyncWithGroupKey:isFullSync:updates:deletions:transactionContext:]	
1058038c8	105803937	decompiled	chunks/006/functions-000435.c		
105803938	105803aab	decompiled	chunks/006/functions-000435.c		
105803aac	105803b07	decompiled	chunks/006/functions-000435.c		
105803b08	105803b13	decompiled	chunks/006/functions-000435.c	-[CTPSearchQueriesDeltaSyncProcessor .cxx_destruct]	
105803b14	105803b4b	decompiled	chunks/006/functions-000435.c		
105803b4c	105803baf	decompiled	chunks/006/functions-000435.c		
105803bb0	105803c37	decompiled	chunks/006/functions-000435.c		
105803c38	105803cc3	decompiled	chunks/006/functions-000435.c		
105803cc4	105803ccf	decompiled	chunks/006/functions-000435.c	+[SCCTPSearchQueryData table]	
105803cd0	105803ea3	decompiled	chunks/006/functions-000435.c	+[SCCTPSearchQueryData immutableObjectParse:bufferSize:]	
105803ea4	105803ec7	decompiled	chunks/006/functions-000435.c	+[SCCTPSearchQueryData objectClassFunctionPointer]	
105803ec8	105803fc3	decompiled	chunks/006/functions-000435.c		
105803fc4	10580408f	decompiled	chunks/006/functions-000435.c		
105804090	1058043e7	decompiled	chunks/006/functions-000435.c		
1058043e8	10580445b	decompiled	chunks/006/functions-000435.c		
10580445c	1058044bb	decompiled	chunks/006/functions-000435.c		
1058044bc	1058044eb	decompiled	chunks/006/functions-000435.c	-[SCCTPSearchQueryDataChangeRequest .cxx_destruct]	
1058044ec	1058044f7	decompiled	chunks/006/functions-000435.c	-[SCCTPSearchQueryDataChangeRequest table]	
1058044f8	10580453f	decompiled	chunks/006/functions-000435.c	-[SCCTPSearchQueryDataChangeRequest createTableWithSQLite:]	
105804540	1058048c7	decompiled	chunks/006/functions-000435.c	-[SCCTPSearchQueryDataChangeRequest transactWithSQLite:flatbuffers:]	
1058048c8	105804b43	decompiled	chunks/006/functions-000435.c		
105804b44	105804c73	decompiled	chunks/006/functions-000435.c		
105804c74	105804ce7	decompiled	chunks/006/functions-000435.c	-[CTPSearchQueriesServices initWithEmojiQueriesRepository:]	
105804ce8	105804cef	decompiled	chunks/006/functions-000435.c	-[CTPSearchQueriesServices emojiQueriesRepository]	
105804cf0	105804d1f	decompiled	chunks/006/functions-000435.c	-[CTPSearchQueriesServices setEmojiQueriesRepository:]	
105804d20	105804d2b	decompiled	chunks/006/functions-000435.c	-[CTPSearchQueriesServices .cxx_destruct]	
105804d2c	105804de7	decompiled	chunks/006/functions-000435.c	-[SCCTPSearchQueryData initWithName:queryStrArray:]	
105804de8	105804e0b	decompiled	chunks/006/functions-000435.c	-[SCCTPSearchQueryData copyWithZone:]	
105804e0c	105804e8f	decompiled	chunks/006/functions-000435.c	-[SCCTPSearchQueryData hash]	
105804e90	105804f47	decompiled	chunks/006/functions-000435.c	-[SCCTPSearchQueryData isEqual:]	
105804f48	105804f57	decompiled	chunks/006/functions-000435.c	-[SCCTPSearchQueryData name]	
105804f58	105804f67	decompiled	chunks/006/functions-000435.c	-[SCCTPSearchQueryData queryStrArray]	
105804f68	105804fa7	decompiled	chunks/006/functions-000435.c	-[SCCTPSearchQueryData .cxx_destruct]	
105804fa8	10580500f	decompiled	chunks/006/functions-000435.c	+[SCCTPSearchTags descriptor]	
105805010	105805093	decompiled	chunks/006/functions-000435.c	+[SCCTPSearchTags_TagsList descriptor]	
105805094	1058050fb	decompiled	chunks/006/functions-000435.c	+[SCCTPSearchTagsIndex descriptor]	
1058050fc	10580517f	decompiled	chunks/006/functions-000435.c	+[SCCTPSearchTagsIndex_CTMetadata descriptor]	
105805180	105805203	decompiled	chunks/006/functions-000435.c	+[SCCTPSearchTagsIndex_CTResult descriptor]	
105805204	105805287	decompiled	chunks/006/functions-000435.c	+[SCCTPSearchTagsIndex_IndexEntry descriptor]	
105805288	1058052ef	decompiled	chunks/006/functions-000435.c	+[SCCTPClientSearchTags descriptor]	
1058052f0	105805373	decompiled	chunks/006/functions-000435.c	+[SCCTPClientSearchTags_ItemInfo descriptor]	
105805374	1058053db	decompiled	chunks/006/functions-000435.c	+[SCCTPClientSearchTagsOpt descriptor]	
1058053dc	10580545f	decompiled	chunks/006/functions-000435.c	+[SCCTPClientSearchTagsOpt_MapEntry descriptor]	
105805460	1058054c7	decompiled	chunks/006/functions-000435.c	+[SCCTPClientSearchTagsInverted descriptor]	
1058054c8	10580554b	decompiled	chunks/006/functions-000436.c	+[SCCTPClientSearchTagsInverted_CTMetadata descriptor]	
10580554c	1058055cf	decompiled	chunks/006/functions-000436.c	+[SCCTPClientSearchTagsInverted_CTResult descriptor]	
1058055d0	105805653	decompiled	chunks/006/functions-000436.c	+[SCCTPClientSearchTagsInverted_CTIdList descriptor]	
105805654	1058056bb	decompiled	chunks/006/functions-000436.c	+[SCCTPQueryString descriptor]	
1058056bc	105805723	decompiled	chunks/006/functions-000436.c	+[SCCTPSearchTagsByStickerId descriptor]	
105805724	1058057a7	decompiled	chunks/006/functions-000436.c	+[SCCTPSearchTagsByStickerId_StickerInfo descriptor]	
1058057a8	1058057e7	decompiled	chunks/006/functions-000436.c		
1058057e8	105805897	decompiled	chunks/006/functions-000436.c		
105805898	1058058bb	decompiled	chunks/006/functions-000436.c		
1058058bc	105805a33	decompiled	chunks/006/functions-000436.c		
105805a34	105805a57	decompiled	chunks/006/functions-000436.c		
105805a58	105805b0b	decompiled	chunks/006/functions-000436.c		
105805b0c	105805cbf	decompiled	chunks/006/functions-000436.c		
105805cc0	105805ce3	decompiled	chunks/006/functions-000436.c		
105805ce4	105805de3	decompiled	chunks/006/functions-000436.c		
105805de4	105805e73	decompiled	chunks/006/functions-000436.c	-[CTPSearchServicesEntryPoint .cxx_destruct]	
105805e74	105805f17	decompiled	chunks/006/functions-000436.c	-[CTPSearchLoggerDefault initWithSession:logger:]	
105805f18	105806017	decompiled	chunks/006/functions-000436.c	-[CTPSearchLoggerDefault logSearchRankingQueryFromCache:queryEntityId:]	
105806018	10580601f	decompiled	chunks/006/functions-000436.c	-[CTPSearchLoggerDefault logSearchRankingQuery:]	
105806020	10580623b	decompiled	chunks/006/functions-000436.c	-[CTPSearchLoggerDefault logSearchRankingQuery:queryEntityId:]	
10580623c	105806403	decompiled	chunks/006/functions-000436.c	-[CTPSearchLoggerDefault logSearchRankingResultsFromCache:query:endTime:queryEntityId:]	
105806404	10580665b	decompiled	chunks/006/functions-000436.c	-[CTPSearchLoggerDefault logSearchRankingActionAtScreenLocation:section:sectionIndex:resultId:itemIndex:]	
10580665c	1058067f7	decompiled	chunks/006/functions-000436.c	-[CTPSearchLoggerDefault logSearchRankingResultOnScreenForSection:resultId:itemIndex:initialLoad:]	
1058067f8	105806817	decompiled	chunks/006/functions-000436.c	-[CTPSearchLoggerDefault _isValidSearchQuery:]	
105806818	10580689b	decompiled	chunks/006/functions-000436.c	-[CTPSearchLoggerDefault _sanitizeSearchTerm:]	
10580689c	10580695f	decompiled	chunks/006/functions-000436.c	-[CTPSearchLoggerDefault _s2CellId]	
105806960	1058069cf	decompiled	chunks/006/functions-000436.c	-[CTPSearchLoggerDefault _userLanguagePrefencesString]	
1058069d0	1058069f3	decompiled	chunks/006/functions-000436.c	-[CTPSearchLoggerDefault _resultSectionFromSection:]	
1058069f4	105806a03	decompiled	chunks/006/functions-000436.c	-[CTPSearchLoggerDefault _sourceTypeFromOrigin:]	
105806a04	105806a33	decompiled	chunks/006/functions-000436.c	-[CTPSearchLoggerDefault .cxx_destruct]	
105806a34	105806aa7	decompiled	chunks/006/functions-000436.c	-[CTPSearchLoggerFactoryDefault initWithLogger:]	
105806aa8	105806b03	decompiled	chunks/006/functions-000436.c	-[CTPSearchLoggerFactoryDefault loggerWithSession:]	
105806b04	105806b0f	decompiled	chunks/006/functions-000436.c	-[CTPSearchLoggerFactoryDefault .cxx_destruct]	
105806b10	105806c03	decompiled	chunks/006/functions-000436.c	-[CTPSearchPersistenceImplementation initWithSearchSectionPersistenceService:bitmojiAvatarProvider:]	
105806c04	105806d23	decompiled	chunks/006/functions-000436.c	-[CTPSearchPersistenceImplementation addPersistedSearchTerms:]	
105806d24	105806d6f	decompiled	chunks/006/functions-000436.c	-[CTPSearchPersistenceImplementation shouldChatSearchTermPersist:]	
105806d70	105806e2b	decompiled	chunks/006/functions-000436.c	-[CTPSearchPersistenceImplementation cacheChatSearchSectionResults:forSearchTerm:userHasCameo:]	
105806e2c	105806fa3	decompiled	chunks/006/functions-000436.c	-[CTPSearchPersistenceImplementation fetchPersistedSearchSectionForTerm:userHasCameo:]	
105806fa4	105807143	decompiled	chunks/006/functions-000436.c		
105807144	10580718b	decompiled	chunks/006/functions-000436.c		
10580718c	1058072af	decompiled	chunks/006/functions-000436.c	-[CTPSearchPersistenceImplementation _persistChatSearchSectionData:forSearchTerm:userHasCameo:]	
1058072b0	10580738b	decompiled	chunks/006/functions-000436.c	-[CTPSearchPersistenceImplementation _unarchiveSectionResultsData:]	
10580738c	105807417	decompiled	chunks/006/functions-000436.c	-[CTPSearchPersistenceImplementation _isCachedSearchSectionValid:userHasCameo:]	
105807418	10580745f	decompiled	chunks/006/functions-000436.c	-[CTPSearchPersistenceImplementation .cxx_destruct]	
105807460	1058075ff	decompiled	chunks/006/functions-000436.c	+[SCStickerSearchPersistenceValidator isSearchSectionValid:cacheDuration:cacheVariant:hasBitmoji:hasCameo:]	
105807600	10580767b	decompiled	chunks/006/functions-000436.c	+[SCStickerSearchPersistenceValidator _isSearchSectionValidMinuteComparisonWithLastUpdatedDate:cacheDuration:]	
10580767c	10580776b	decompiled	chunks/006/functions-000436.c	+[SCStickerSearchPersistenceValidator _isSearchSectionValidDailyComparisonWithLastUpdatedDate:duration:]	
10580776c	1058079f7	decompiled	chunks/006/functions-000436.c	-[CTPSearchEngineDefault initWithSession:inputProvider:taskScheduler:inputProcessor:strategy:outputProcessor:]	
1058079f8	105807a3f	decompiled	chunks/006/functions-000436.c		
105807a40	105807b23	decompiled	chunks/006/functions-000436.c	-[CTPSearchEngineDefault _createSearchLogic:]	
105807b24	105807bcb	decompiled	chunks/006/functions-000436.c	-[CTPSearchEngineDefault _handleSearchLogicResult:]	
105807bcc	105807cbb	decompiled	chunks/006/functions-000436.c		
105807cbc	105807d03	decompiled	chunks/006/functions-000436.c	-[CTPSearchEngineDefault stopSearch]	
105807d04	105807d43	decompiled	chunks/006/functions-000436.c	-[CTPSearchEngineDefault _isCancelled]	
105807d44	105807d7f	decompiled	chunks/006/functions-000436.c	-[CTPSearchEngineDefault _setIsCancelled:]	
105807d80	105807f67	decompiled	chunks/006/functions-000436.c	-[CTPSearchEngineDefault _scheduleSearchTask:]	
105807f68	105807fcb	decompiled	chunks/006/functions-000436.c		
105807fcc	10580800f	decompiled	chunks/006/functions-000436.c		
105808010	105808197	decompiled	chunks/006/functions-000436.c	-[CTPSearchEngineDefault _getTextFromProvider:]	
105808198	1058081fb	decompiled	chunks/006/functions-000436.c		
1058081fc	105808257	decompiled	chunks/006/functions-000436.c		
105808258	10580843f	decompiled	chunks/006/functions-000436.c	-[CTPSearchEngineDefault _processInputString:]	
105808440	105808563	decompiled	chunks/006/functions-000436.c		
105808564	1058087d7	decompiled	chunks/006/functions-000436.c	-[CTPSearchEngineDefault _searchWithProcessedInput:]	
1058087d8	1058088a3	decompiled	chunks/006/functions-000436.c		
1058088a4	105808a37	decompiled	chunks/006/functions-000436.c		
105808a38	105808a4b	decompiled	chunks/006/functions-000436.c		
105808a4c	105808aeb	decompiled	chunks/006/functions-000436.c		
105808aec	105808bc3	decompiled	chunks/006/functions-000436.c		
105808bc4	105808c63	decompiled	chunks/006/functions-000436.c		
105808c64	105808e4b	decompiled	chunks/006/functions-000436.c	-[CTPSearchEngineDefault _processSearchResult:]	
105808e4c	105808eaf	decompiled	chunks/006/functions-000436.c		
105808eb0	105808f87	decompiled	chunks/006/functions-000436.c		
105808f88	105809027	decompiled	chunks/006/functions-000436.c		
105809028	105809103	decompiled	chunks/006/functions-000436.c	-[CTPSearchEngineDefault _changeStateTo:text:query:results:error:debugHTML:]	
105809104	10580910b	decompiled	chunks/006/functions-000436.c	-[CTPSearchEngineDefault session]	
10580910c	10580913b	decompiled	chunks/006/functions-000436.c	-[CTPSearchEngineDefault setSession:]	
10580913c	105809143	decompiled	chunks/006/functions-000436.c	-[CTPSearchEngineDefault taskScheduler]	
105809144	105809173	decompiled	chunks/006/functions-000436.c	-[CTPSearchEngineDefault setTaskScheduler:]	
105809174	10580917b	decompiled	chunks/006/functions-000436.c	-[CTPSearchEngineDefault inputProcessor]	
10580917c	1058091ab	decompiled	chunks/006/functions-000436.c	-[CTPSearchEngineDefault setInputProcessor:]	
1058091ac	1058091b3	decompiled	chunks/006/functions-000436.c	-[CTPSearchEngineDefault strategy]	
1058091b4	1058091e3	decompiled	chunks/006/functions-000436.c	-[CTPSearchEngineDefault setStrategy:]	
1058091e4	1058091eb	decompiled	chunks/006/functions-000436.c	-[CTPSearchEngineDefault outputProcessor]	
1058091ec	10580921b	decompiled	chunks/006/functions-000436.c	-[CTPSearchEngineDefault setOutputProcessor:]	
10580921c	105809223	decompiled	chunks/006/functions-000436.c	-[CTPSearchEngineDefault observingQueue]	
105809224	105809253	decompiled	chunks/006/functions-000436.c	-[CTPSearchEngineDefault setObservingQueue:]	
105809254	10580925b	decompiled	chunks/006/functions-000436.c	-[CTPSearchEngineDefault stateObservable]	
10580925c	10580928b	decompiled	chunks/006/functions-000436.c	-[CTPSearchEngineDefault setStateObservable:]	
10580928c	105809293	decompiled	chunks/006/functions-000436.c	-[CTPSearchEngineDefault disposable]	
105809294	1058092c3	decompiled	chunks/006/functions-000436.c	-[CTPSearchEngineDefault setDisposable:]	
1058092c4	10580933b	decompiled	chunks/006/functions-000436.c	-[CTPSearchEngineDefault .cxx_destruct]	
10580933c	10580945b	decompiled	chunks/006/functions-000436.c	-[CTPSearchEngineDefaultFactory createSearchEngineWithConfig:]	
10580945c	105809537	decompiled	chunks/006/functions-000436.c	-[CTPSearchEngineDefaultFactory createSearchEngineWithSession:inputProvider:taskScheduler:inputProcessor:strategy:outputProcessor:]	
105809538	105809667	decompiled	chunks/006/functions-000436.c	-[CTPSearchForYouImplementation initWithNetworkForYouClient:searchSectionPersistenceService:bitmojiAvatarProvider:circumstanceEngine:]	
105809668	10580978f	decompiled	chunks/006/functions-000436.c	-[CTPSearchForYouImplementation previewStickerSearchPreTypeWithHasCameo:]	
105809790	1058098d7	decompiled	chunks/006/functions-000436.c		
1058098d8	1058098e3	decompiled	chunks/006/functions-000436.c		
1058098e4	1058099cf	decompiled	chunks/006/functions-000436.c	-[CTPSearchForYouImplementation _isSearchSectionValid:userHasCameo:]	
1058099d0	105809b03	decompiled	chunks/006/functions-000436.c	-[CTPSearchForYouImplementation _requestStickerSearchForYouSectionWithHasCameo:]	
105809b04	105809bfb	decompiled	chunks/006/functions-000437.c		
105809bfc	105809cbf	decompiled	chunks/006/functions-000437.c		
105809cc0	105809d07	decompiled	chunks/006/functions-000437.c		
105809d08	105809dff	decompiled	chunks/006/functions-000437.c	-[CTPSearchForYouImplementation _persistSearchForYouSectionData:hasCameo:]	
105809e00	105809e8f	decompiled	chunks/006/functions-000437.c	-[CTPSearchForYouImplementation _searchForYouSectionFromPersistedSearchSection:]	
105809e90	105809efb	decompiled	chunks/006/functions-000437.c	-[CTPSearchForYouImplementation .cxx_destruct]	
105809efc	105809fff	decompiled	chunks/006/functions-000437.c	-[CTPSearchSessionDefault initWithSuperSessionId:config:age:bitmojiAvatarProvider:locationProvider:]	
10580a000	10580a02f	decompiled	chunks/006/functions-000437.c	-[CTPSearchSessionDefault setConfig:]	
10580a030	10580a057	decompiled	chunks/006/functions-000437.c	-[CTPSearchSessionDefault superSessionId]	
10580a058	10580a07f	decompiled	chunks/006/functions-000437.c	-[CTPSearchSessionDefault sessionId]	
10580a080	10580a0a7	decompiled	chunks/006/functions-000437.c	-[CTPSearchSessionDefault config]	
10580a0a8	10580a0ab	decompiled	chunks/006/functions-000437.c	-[CTPSearchSessionDefault userInfo]	
10580a0ac	10580a0e7	decompiled	chunks/006/functions-000437.c	-[CTPSearchSessionDefault resetSession]	
10580a0e8	10580a0ef	decompiled	chunks/006/functions-000437.c	-[CTPSearchSessionDefault queryId]	
10580a0f0	10580a0ff	decompiled	chunks/006/functions-000437.c	-[CTPSearchSessionDefault incrementQueryId]	
10580a100	10580a103	decompiled	chunks/006/functions-000437.c	-[CTPSearchSessionDefault updateWithConfig:]	
10580a104	10580a10b	decompiled	chunks/006/functions-000437.c	-[CTPSearchSessionDefault age]	
10580a10c	10580a157	decompiled	chunks/006/functions-000437.c	-[CTPSearchSessionDefault countryCode]	
10580a158	10580a19f	decompiled	chunks/006/functions-000437.c	-[CTPSearchSessionDefault location]	
10580a1a0	10580a1e7	decompiled	chunks/006/functions-000437.c	-[CTPSearchSessionDefault bitmojiAvatarId]	
10580a1e8	10580a23b	decompiled	chunks/006/functions-000437.c	-[CTPSearchSessionDefault .cxx_destruct]	
10580a23c	10580a307	decompiled	chunks/006/functions-000437.c	-[CTPSearchSessionFactoryDefault initWithUserBirthdayProvider:bitmojiAvatarProvider:locationProvider:]	
10580a308	10580a3d3	decompiled	chunks/006/functions-000437.c	-[CTPSearchSessionFactoryDefault previewSearchSessionWithSuperSessionId:config:]	
10580a3d4	10580a40f	decompiled	chunks/006/functions-000437.c	-[CTPSearchSessionFactoryDefault .cxx_destruct]	
10580a410	10580a483	decompiled	chunks/006/functions-000437.c	-[CTPSearchStrategyFactoryDefault initWithNetworkSearchClient:]	
10580a484	10580a4b3	decompiled	chunks/006/functions-000437.c	-[CTPSearchStrategyFactoryDefault createNetworkStrategy]	
10580a4b4	10580a4bf	decompiled	chunks/006/functions-000437.c	-[CTPSearchStrategyFactoryDefault .cxx_destruct]	
10580a4c0	10580a533	decompiled	chunks/006/functions-000437.c	-[CTPSearchStrategyNetwork initWithNetworkSearchClient:]	
10580a534	10580a5ef	decompiled	chunks/006/functions-000437.c	-[CTPSearchStrategyNetwork searchWithSession:query:]	
10580a5f0	10580a69f	decompiled	chunks/006/functions-000437.c		
10580a6a0	10580a8ab	decompiled	chunks/006/functions-000437.c		
10580a8ac	10580a8c3	decompiled	chunks/006/functions-000437.c		
10580a8c4	10580ab73	decompiled	chunks/006/functions-000437.c		
10580ab74	10580abbb	decompiled	chunks/006/functions-000437.c		
10580abbc	10580abc7	decompiled	chunks/006/functions-000437.c	-[CTPSearchStrategyNetwork .cxx_destruct]	
10580abc8	10580ae87	decompiled	chunks/006/functions-000437.c	-[CTPCustomStickerServicesImpl initWithItemsPersistence:contentManager:customStickerClient:itemTransformer:userStorageServices:repositoryExperiments:grapheneRegistry:asyncQueueProvider:currentUserId:]	
10580ae88	10580af8b	decompiled	chunks/006/functions-000437.c	-[CTPCustomStickerServicesImpl _localCustomStickerCTPItemWithCTId:imageDimensions:origin:isAnimated:]	
10580af8c	10580affb	decompiled	chunks/006/functions-000437.c	-[CTPCustomStickerServicesImpl _dimensionsForImageData:]	
10580affc	10580b15b	decompiled	chunks/006/functions-000437.c	-[CTPCustomStickerServicesImpl _persistedItemForCTPItem:feedType:feedsTreeContext:]	
10580b15c	10580b3df	decompiled	chunks/006/functions-000437.c	-[CTPCustomStickerServicesImpl addCustomSticker:origin:isAnimated:]	
10580b3e0	10580b7fb	decompiled	chunks/006/functions-000437.c		
10580b7fc	10580b9db	decompiled	chunks/006/functions-000437.c		
10580b9dc	10580ba33	decompiled	chunks/006/functions-000437.c		
10580ba34	10580bb77	decompiled	chunks/006/functions-000437.c	-[CTPCustomStickerServicesImpl deleteCustomSticker:]	
10580bb78	10580bc83	decompiled	chunks/006/functions-000437.c		
10580bc84	10580be77	decompiled	chunks/006/functions-000437.c		
10580be78	10580beef	decompiled	chunks/006/functions-000437.c		
10580bef0	10580bf97	decompiled	chunks/006/functions-000437.c	-[CTPCustomStickerServicesImpl triggerSyncJob]	
10580bf98	10580bfdb	decompiled	chunks/006/functions-000437.c		
10580bfdc	10580c023	decompiled	chunks/006/functions-000437.c	-[CTPCustomStickerServicesImpl _logSuccessOperation:]	
10580c024	10580c0af	decompiled	chunks/006/functions-000437.c	-[CTPCustomStickerServicesImpl _logFailureForOperation:errorType:]	
10580c0b0	10580c25b	decompiled	chunks/006/functions-000437.c	-[CTPCustomStickerServicesImpl updateCustomStickerRankID:completion:]	
10580c25c	10580c387	decompiled	chunks/006/functions-000437.c		
10580c388	10580c3ef	decompiled	chunks/006/functions-000437.c		
10580c3f0	10580c513	decompiled	chunks/006/functions-000437.c	-[CTPCustomStickerServicesImpl _fetchItemForCTId:]	
10580c514	10580c52b	decompiled	chunks/006/functions-000437.c		
10580c52c	10580c60f	decompiled	chunks/006/functions-000437.c		
10580c610	10580c72f	decompiled	chunks/006/functions-000437.c	-[CTPCustomStickerServicesImpl _updateChatHometabFeedCacheIfNecessaryWithItem:]	
10580c730	10580c733	decompiled	chunks/006/functions-000437.c		
10580c734	10580c73b	decompiled	chunks/006/functions-000437.c	-[CTPCustomStickerServicesImpl itemsPersistence]	
10580c73c	10580c76b	decompiled	chunks/006/functions-000437.c	-[CTPCustomStickerServicesImpl setItemsPersistence:]	
10580c76c	10580c773	decompiled	chunks/006/functions-000437.c	-[CTPCustomStickerServicesImpl contentManager]	
10580c774	10580c7a3	decompiled	chunks/006/functions-000437.c	-[CTPCustomStickerServicesImpl setContentManager:]	
10580c7a4	10580c7ab	decompiled	chunks/006/functions-000437.c	-[CTPCustomStickerServicesImpl performer]	
10580c7ac	10580c7db	decompiled	chunks/006/functions-000437.c	-[CTPCustomStickerServicesImpl setPerformer:]	
10580c7dc	10580c7e3	decompiled	chunks/006/functions-000437.c	-[CTPCustomStickerServicesImpl itemTransformer]	
10580c7e4	10580c813	decompiled	chunks/006/functions-000437.c	-[CTPCustomStickerServicesImpl setItemTransformer:]	
10580c814	10580c81b	decompiled	chunks/006/functions-000437.c	-[CTPCustomStickerServicesImpl updateProcessor]	
10580c81c	10580c84b	decompiled	chunks/006/functions-000437.c	-[CTPCustomStickerServicesImpl setUpdateProcessor:]	
10580c84c	10580c853	decompiled	chunks/006/functions-000437.c	-[CTPCustomStickerServicesImpl repositoryExperiments]	
10580c854	10580c883	decompiled	chunks/006/functions-000437.c	-[CTPCustomStickerServicesImpl setRepositoryExperiments:]	
10580c884	10580c88b	decompiled	chunks/006/functions-000437.c	-[CTPCustomStickerServicesImpl customStickerServicesLogger]	
10580c88c	10580c8bb	decompiled	chunks/006/functions-000437.c	-[CTPCustomStickerServicesImpl setCustomStickerServicesLogger:]	
10580c8bc	10580c8c3	decompiled	chunks/006/functions-000437.c	-[CTPCustomStickerServicesImpl preferences]	
10580c8c4	10580c8f3	decompiled	chunks/006/functions-000437.c	-[CTPCustomStickerServicesImpl setPreferences:]	
10580c8f4	10580c8fb	decompiled	chunks/006/functions-000437.c	-[CTPCustomStickerServicesImpl queue]	
10580c8fc	10580c92b	decompiled	chunks/006/functions-000437.c	-[CTPCustomStickerServicesImpl setQueue:]	
10580c92c	10580c933	decompiled	chunks/006/functions-000437.c	-[CTPCustomStickerServicesImpl currentUserId]	
10580c934	10580c963	decompiled	chunks/006/functions-000437.c	-[CTPCustomStickerServicesImpl setCurrentUserId:]	
10580c964	10580c9f3	decompiled	chunks/006/functions-000437.c	-[CTPCustomStickerServicesImpl .cxx_destruct]	
10580c9f4	10580cbaf	decompiled	chunks/006/functions-000437.c	-[CTPCustomStickerServicesImplEntryPoint begin]	
10580cbb0	10580cbcb	decompiled	chunks/006/functions-000437.c		
10580cbcc	10580cc93	decompiled	chunks/006/functions-000437.c		
10580cc94	10580cf97	decompiled	chunks/006/functions-000437.c		
10580cf98	10580d033	decompiled	chunks/006/functions-000437.c	-[CTPCustomStickerServicesImplEntryPoint .cxx_destruct]	
10580d034	10580d07f	decompiled	chunks/006/functions-000437.c	-[CTPCustomStickerServicesLogger initWithGrapheneRegistry:]	
10580d080	10580d297	decompiled	chunks/006/functions-000437.c	-[CTPCustomStickerServicesLogger logCustomStickerEvent:updateTarget:success:error:count:]	
10580d298	10580d2a3	decompiled	chunks/006/functions-000437.c	-[CTPCustomStickerServicesLogger .cxx_destruct]	
10580d2a4	10580d46f	decompiled	chunks/006/functions-000437.c	-[CTPCustomStickerUpdateProcessor initWithDocObjectContext:customStickerClient:contentManager:persistenceService:logger:repositoryExperiments:]	
10580d470	10580d7b7	decompiled	chunks/006/functions-000437.c	-[CTPCustomStickerUpdateProcessor addPendingUpdateForCustomSticker:customStickerImageData:customStickerImageDimensions:customStickerOrigin:isAnimated:completionQueue:completion:]	
10580d7b8	10580d843	decompiled	chunks/006/functions-000437.c		
10580d844	10580d8c3	decompiled	chunks/006/functions-000437.c		
10580d8c4	10580d8d7	decompiled	chunks/006/functions-000437.c		
10580d8d8	10580daab	decompiled	chunks/006/functions-000437.c	-[CTPCustomStickerUpdateProcessor addPendingDeleteForCustomSticker:completionQueue:completion:]	
10580daac	10580de87	decompiled	chunks/006/functions-000437.c		
10580de88	10580df07	decompiled	chunks/006/functions-000437.c		
10580df08	10580df1b	decompiled	chunks/006/functions-000437.c		
10580df1c	10580e08f	decompiled	chunks/006/functions-000437.c	-[CTPCustomStickerUpdateProcessor completePendingTasks]	
10580e090	10580e09f	decompiled	chunks/006/functions-000437.c		
10580e0a0	10580e137	decompiled	chunks/006/functions-000437.c		
10580e138	10580e517	decompiled	chunks/006/functions-000438.c	-[CTPCustomStickerUpdateProcessor _batchUpdate:]	
10580e518	10580e51f	decompiled	chunks/006/functions-000438.c		
10580e520	10580e58b	decompiled	chunks/006/functions-000438.c		
10580e58c	10580e59b	decompiled	chunks/006/functions-000438.c		
10580e59c	10580e757	decompiled	chunks/006/functions-000438.c	-[CTPCustomStickerUpdateProcessor _boltUpdateForRequest:completion:]	
10580e758	10580e7fb	decompiled	chunks/006/functions-000438.c		
10580e7fc	10580f01b	decompiled	chunks/006/functions-000438.c	-[CTPCustomStickerUpdateProcessor _ctpUpdateForRequest:contentObject:completion:]	
10580f01c	10580f173	decompiled	chunks/006/functions-000438.c		
10580f174	10580f39f	decompiled	chunks/006/functions-000438.c		
10580f3a0	10580f3d7	decompiled	chunks/006/functions-000438.c		
10580f3d8	10580f65b	decompiled	chunks/006/functions-000438.c	-[CTPCustomStickerUpdateProcessor _updatePersistedItemForUpdate:item:context:feedType:transactionContext:]	
10580f65c	10580f7cf	decompiled	chunks/006/functions-000438.c	-[CTPCustomStickerUpdateProcessor _updateTablesForCompletedUpdate:object:completion:]	
10580f7d0	10580f92f	decompiled	chunks/006/functions-000438.c		
10580f930	10580fa27	decompiled	chunks/006/functions-000438.c	-[CTPCustomStickerUpdateProcessor _updateTablesForFailedUpdate:completion:]	
10580fa28	10580fac7	decompiled	chunks/006/functions-000438.c		
10580fac8	10580fbeb	decompiled	chunks/006/functions-000438.c	-[CTPCustomStickerUpdateProcessor _shouldRetryUpdate:]	
10580fbec	10580fd27	decompiled	chunks/006/functions-000438.c	-[CTPCustomStickerUpdateProcessor _updateTablesForTooManyFailedAttemptsForUpdate:completion:]	
10580fd28	10580fe57	decompiled	chunks/006/functions-000438.c		
10580fe58	10581002f	decompiled	chunks/006/functions-000438.c	-[CTPCustomStickerUpdateProcessor _removePersistedItemForUpdate:context:feedType:transactionContext:]	
105810030	1058103b7	decompiled	chunks/006/functions-000438.c	-[CTPCustomStickerUpdateProcessor _batchDelete:]	
1058103b8	105810423	decompiled	chunks/006/functions-000438.c		
105810424	1058105c3	decompiled	chunks/006/functions-000438.c		
1058105c4	10581071f	decompiled	chunks/006/functions-000438.c		
105810720	105810763	decompiled	chunks/006/functions-000438.c		
105810764	1058107e3	decompiled	chunks/006/functions-000438.c		
1058107e4	1058108db	decompiled	chunks/006/functions-000438.c	-[CTPCustomStickerUpdateProcessor _updateTablesForCompleteDeletes:completion:]	
1058108dc	105810a5b	decompiled	chunks/006/functions-000438.c		
105810a5c	105810b53	decompiled	chunks/006/functions-000438.c	-[CTPCustomStickerUpdateProcessor _updateTablesForFailedDeletes:completion:]	
105810b54	105810ce3	decompiled	chunks/006/functions-000438.c		
105810ce4	105810d4b	decompiled	chunks/006/functions-000438.c	-[CTPCustomStickerUpdateProcessor _logSuccessOperation:count:]	
105810d4c	105810dff	decompiled	chunks/006/functions-000438.c	-[CTPCustomStickerUpdateProcessor _logFailureForOperation:errorType:count:]	
105810e00	105810e07	decompiled	chunks/006/functions-000438.c	-[CTPCustomStickerUpdateProcessor docObjectContext]	
105810e08	105810e37	decompiled	chunks/006/functions-000438.c	-[CTPCustomStickerUpdateProcessor setDocObjectContext:]	
105810e38	105810e3f	decompiled	chunks/006/functions-000438.c	-[CTPCustomStickerUpdateProcessor customStickerClient]	
105810e40	105810e6f	decompiled	chunks/006/functions-000438.c	-[CTPCustomStickerUpdateProcessor setCustomStickerClient:]	
105810e70	105810e77	decompiled	chunks/006/functions-000438.c	-[CTPCustomStickerUpdateProcessor contentManager]	
105810e78	105810ea7	decompiled	chunks/006/functions-000438.c	-[CTPCustomStickerUpdateProcessor setContentManager:]	
105810ea8	105810eaf	decompiled	chunks/006/functions-000438.c	-[CTPCustomStickerUpdateProcessor persistenceService]	
105810eb0	105810edf	decompiled	chunks/006/functions-000438.c	-[CTPCustomStickerUpdateProcessor setPersistenceService:]	
105810ee0	105810ee7	decompiled	chunks/006/functions-000438.c	-[CTPCustomStickerUpdateProcessor logger]	
105810ee8	105810f17	decompiled	chunks/006/functions-000438.c	-[CTPCustomStickerUpdateProcessor setLogger:]	
105810f18	105810f1f	decompiled	chunks/006/functions-000438.c	-[CTPCustomStickerUpdateProcessor repositoryExperiments]	
105810f20	105810f4f	decompiled	chunks/006/functions-000438.c	-[CTPCustomStickerUpdateProcessor setRepositoryExperiments:]	
105810f50	105810f57	decompiled	chunks/006/functions-000438.c	-[CTPCustomStickerUpdateProcessor observerLifecycle]	
105810f58	105810f87	decompiled	chunks/006/functions-000438.c	-[CTPCustomStickerUpdateProcessor setObserverLifecycle:]	
105810f88	105810f8f	decompiled	chunks/006/functions-000438.c	-[CTPCustomStickerUpdateProcessor updateQueue]	
105810f90	105810fbf	decompiled	chunks/006/functions-000438.c	-[CTPCustomStickerUpdateProcessor setUpdateQueue:]	
105810fc0	105810fc7	decompiled	chunks/006/functions-000438.c	-[CTPCustomStickerUpdateProcessor docObjectUpdateQueue]	
105810fc8	105810ff7	decompiled	chunks/006/functions-000438.c	-[CTPCustomStickerUpdateProcessor setDocObjectUpdateQueue:]	
105810ff8	105810fff	decompiled	chunks/006/functions-000438.c	-[CTPCustomStickerUpdateProcessor completePendingTasksTriggered]	
105811000	105811007	decompiled	chunks/006/functions-000438.c	-[CTPCustomStickerUpdateProcessor setCompletePendingTasksTriggered:]	
105811008	10581100f	decompiled	chunks/006/functions-000438.c	-[CTPCustomStickerUpdateProcessor syncInProgress]	
105811010	105811017	decompiled	chunks/006/functions-000438.c	-[CTPCustomStickerUpdateProcessor setSyncInProgress:]	
105811018	10581109b	decompiled	chunks/006/functions-000438.c	-[CTPCustomStickerUpdateProcessor .cxx_destruct]	
10581109c	10581121f	decompiled	chunks/006/functions-000438.c	-[SCCTPCustomStickerPendingUpdate initWithCtId:encryptedImageData:encKey:encIv:syncAttempts:creationTimestamp:width:height:origin:isAnimated:]	
105811220	105811243	decompiled	chunks/006/functions-000438.c	-[SCCTPCustomStickerPendingUpdate copyWithZone:]	
105811244	105811317	decompiled	chunks/006/functions-000438.c	-[SCCTPCustomStickerPendingUpdate hash]	
105811318	10581149f	decompiled	chunks/006/functions-000438.c	-[SCCTPCustomStickerPendingUpdate isEqual:]	
1058114a0	1058114af	decompiled	chunks/006/functions-000438.c	-[SCCTPCustomStickerPendingUpdate ctId]	
1058114b0	1058114bf	decompiled	chunks/006/functions-000438.c	-[SCCTPCustomStickerPendingUpdate encryptedImageData]	
1058114c0	1058114cf	decompiled	chunks/006/functions-000438.c	-[SCCTPCustomStickerPendingUpdate encKey]	
1058114d0	1058114df	decompiled	chunks/006/functions-000438.c	-[SCCTPCustomStickerPendingUpdate encIv]	
1058114e0	1058114ef	decompiled	chunks/006/functions-000438.c	-[SCCTPCustomStickerPendingUpdate syncAttempts]	
1058114f0	1058114ff	decompiled	chunks/006/functions-000438.c	-[SCCTPCustomStickerPendingUpdate creationTimestamp]	
105811500	10581150f	decompiled	chunks/006/functions-000438.c	-[SCCTPCustomStickerPendingUpdate width]	
105811510	10581151f	decompiled	chunks/006/functions-000438.c	-[SCCTPCustomStickerPendingUpdate height]	
105811520	10581152f	decompiled	chunks/006/functions-000438.c	-[SCCTPCustomStickerPendingUpdate origin]	
105811530	10581153f	decompiled	chunks/006/functions-000438.c	-[SCCTPCustomStickerPendingUpdate isAnimated]	
105811540	10581159f	decompiled	chunks/006/functions-000438.c	-[SCCTPCustomStickerPendingUpdate .cxx_destruct]	
1058115a0	105811637	decompiled	chunks/006/functions-000438.c	-[SCCTPCustomStickerPendingDelete initWithCtId:syncAttempts:]	
105811638	10581165b	decompiled	chunks/006/functions-000438.c	-[SCCTPCustomStickerPendingDelete copyWithZone:]	
10581165c	1058116d7	decompiled	chunks/006/functions-000438.c	-[SCCTPCustomStickerPendingDelete hash]	
1058116d8	105811787	decompiled	chunks/006/functions-000438.c	-[SCCTPCustomStickerPendingDelete isEqual:]	
105811788	105811797	decompiled	chunks/006/functions-000438.c	-[SCCTPCustomStickerPendingDelete ctId]	
105811798	1058117a7	decompiled	chunks/006/functions-000438.c	-[SCCTPCustomStickerPendingDelete syncAttempts]	
1058117a8	1058117bb	decompiled	chunks/006/functions-000438.c	-[SCCTPCustomStickerPendingDelete .cxx_destruct]	
1058117bc	10581181f	decompiled	chunks/006/functions-000438.c		
105811820	1058118a7	decompiled	chunks/006/functions-000438.c		
1058118a8	105811933	decompiled	chunks/006/functions-000438.c		
105811934	10581193f	decompiled	chunks/006/functions-000438.c	+[SCCTPCustomStickerPendingUpdate table]	
105811940	105811c63	decompiled	chunks/006/functions-000438.c	+[SCCTPCustomStickerPendingUpdate immutableObjectParse:bufferSize:]	
105811c64	105811c87	decompiled	chunks/006/functions-000438.c	+[SCCTPCustomStickerPendingUpdate objectClassFunctionPointer]	
105811c88	105811dfb	decompiled	chunks/006/functions-000438.c		
105811dfc	105811e6f	decompiled	chunks/006/functions-000438.c		
105811e70	10581231f	decompiled	chunks/006/functions-000438.c		
105812320	105812393	decompiled	chunks/006/functions-000438.c		
105812394	1058126eb	decompiled	chunks/006/functions-000438.c		
1058126ec	105812777	decompiled	chunks/006/functions-000438.c		
105812778	1058127bf	decompiled	chunks/006/functions-000438.c	-[SCCTPCustomStickerPendingUpdateChangeRequest .cxx_destruct]	
1058127c0	1058127cb	decompiled	chunks/006/functions-000438.c	-[SCCTPCustomStickerPendingUpdateChangeRequest table]	
1058127cc	105812813	decompiled	chunks/006/functions-000438.c	-[SCCTPCustomStickerPendingUpdateChangeRequest createTableWithSQLite:]	
105812814	105812b9b	decompiled	chunks/006/functions-000438.c	-[SCCTPCustomStickerPendingUpdateChangeRequest transactWithSQLite:flatbuffers:]	
105812b9c	105812e8f	decompiled	chunks/006/functions-000438.c		
105812e90	105812fbf	decompiled	chunks/006/functions-000438.c		
105812fc0	105812fcb	decompiled	chunks/006/functions-000438.c	+[SCCTPCustomStickerPendingDelete table]	
105812fcc	1058130bb	decompiled	chunks/006/functions-000438.c	+[SCCTPCustomStickerPendingDelete immutableObjectParse:bufferSize:]	
1058130bc	1058130df	decompiled	chunks/006/functions-000438.c	+[SCCTPCustomStickerPendingDelete objectClassFunctionPointer]	
1058130e0	105813183	decompiled	chunks/006/functions-000438.c		
105813184	1058131f7	decompiled	chunks/006/functions-000438.c		
1058131f8	10581351b	decompiled	chunks/006/functions-000438.c		
10581351c	10581358f	decompiled	chunks/006/functions-000439.c		
105813590	105813723	decompiled	chunks/006/functions-000439.c		
105813724	105813787	decompiled	chunks/006/functions-000439.c		
105813788	105813793	decompiled	chunks/006/functions-000439.c	-[SCCTPCustomStickerPendingDeleteChangeRequest .cxx_destruct]	
105813794	10581379f	decompiled	chunks/006/functions-000439.c	-[SCCTPCustomStickerPendingDeleteChangeRequest table]	
1058137a0	1058137e7	decompiled	chunks/006/functions-000439.c	-[SCCTPCustomStickerPendingDeleteChangeRequest createTableWithSQLite:]	
1058137e8	105813b6f	decompiled	chunks/006/functions-000439.c	-[SCCTPCustomStickerPendingDeleteChangeRequest transactWithSQLite:flatbuffers:]	
105813b70	105813d4b	decompiled	chunks/006/functions-000439.c		
105813d4c	105813d77	decompiled	chunks/006/functions-000439.c	+[SCGrapheneCustomstickerMetric customStickerOperation]	
105813d78	105813e17	decompiled	chunks/006/functions-000439.c	-[SCGrapheneCustomstickerMetric description]	
105813e18	105813f5b	decompiled	chunks/006/functions-000439.c	-[SCGrapheneRegistry customstickerGraphene]	
105813f5c	105813f8b	decompiled	chunks/006/functions-000439.c	+[CTPItemRankingUtils rankingStringForInteger:]	
105813f8c	105813ff3	decompiled	chunks/006/functions-000439.c	+[CTPItemRankingUtils rankingStringForCurrentTime]	
105813ff4	10581405b	decompiled	chunks/006/functions-000439.c	+[SCCTPCustomStickerStatus descriptor]	
10581405c	1058140c3	decompiled	chunks/006/functions-000439.c	+[SCCTPCustomStickerResult descriptor]	
1058140c4	10581412b	decompiled	chunks/006/functions-000439.c	+[SCCTPCustomStickerCreateRequest descriptor]	
10581412c	105814193	decompiled	chunks/006/functions-000439.c	+[SCCTPCustomStickerCreateResponse descriptor]	
105814194	1058141fb	decompiled	chunks/006/functions-000439.c	+[SCCTPCustomStickerDeleteRequest descriptor]	
1058141fc	105814263	decompiled	chunks/006/functions-000439.c	+[SCCTPCustomStickerDeleteResponse descriptor]	
105814264	1058142cb	decompiled	chunks/006/functions-000439.c	+[SCCTPCustomStickerTakedownRequest descriptor]	
1058142cc	105814333	decompiled	chunks/006/functions-000439.c	+[SCCTPCustomStickerTakedownResponse descriptor]	
105814334	10581439b	decompiled	chunks/006/functions-000439.c	+[SCCTPCustomStickerAddRefRequest descriptor]	
10581439c	105814403	decompiled	chunks/006/functions-000439.c	+[SCCTPCustomStickerAddRefResponse descriptor]	
105814404	10581446b	decompiled	chunks/006/functions-000439.c	+[SCCTPCustomStickerRemoveRefRequest descriptor]	
10581446c	1058144d3	decompiled	chunks/006/functions-000439.c	+[SCCTPCustomStickerRemoveRefResponse descriptor]	
1058144d4	10581453b	decompiled	chunks/006/functions-000439.c	+[SCCTPCustomStickerBatchOpsRequest descriptor]	
10581453c	1058145a3	decompiled	chunks/006/functions-000439.c	+[SCCTPCustomStickerBatchOpsResponse descriptor]	
1058145a4	10581460b	decompiled	chunks/006/functions-000439.c	+[SCCTPCustomStickerOrderWeightSpec descriptor]	
10581460c	105814673	decompiled	chunks/006/functions-000439.c	+[SCCTPCustomStickerUpdateOrderWeightRequest descriptor]	
105814674	1058146db	decompiled	chunks/006/functions-000439.c	+[SCCTPCustomStickerUpdateOrderWeightResponse descriptor]	
1058146dc	105814743	decompiled	chunks/006/functions-000439.c	+[SCCTPCustomStickerGetRequest descriptor]	
105814744	1058147ab	decompiled	chunks/006/functions-000439.c	+[SCCTPCustomStickerGetResponse descriptor]	
1058147ac	105814813	decompiled	chunks/006/functions-000439.c	+[SCCTPCustomStickerListPackRequest descriptor]	
105814814	10581487b	decompiled	chunks/006/functions-000439.c	+[SCCTPCustomStickerListPackResponse descriptor]	
10581487c	1058148e3	decompiled	chunks/006/functions-000439.c	+[SCCTPCustomStickerCreateShareYoursPromptRequest descriptor]	
1058148e4	10581494b	decompiled	chunks/006/functions-000439.c	+[SCCTPCustomStickerCreateShareYoursPromptResponse descriptor]	
10581494c	1058149b3	decompiled	chunks/006/functions-000439.c	+[SCCTPCustomStickerAddShareYoursStoryRequest descriptor]	
1058149b4	105814a1b	decompiled	chunks/006/functions-000439.c	+[SCCTPCustomStickerAddShareYoursStoryResponse descriptor]	
105814a1c	105814a83	decompiled	chunks/006/functions-000439.c	+[SCCTPCustomStickerListShareYoursStoriesRequest descriptor]	
105814a84	105814aeb	decompiled	chunks/006/functions-000439.c	+[SCCTPCustomStickerShareYoursStory descriptor]	
105814aec	105814b53	decompiled	chunks/006/functions-000439.c	+[SCCTPCustomStickerListShareYoursStoriesResponse descriptor]	
105814b54	105814bbb	decompiled	chunks/006/functions-000439.c	+[SCCTPCustomStickerUGCResult descriptor]	
105814bbc	105814c23	decompiled	chunks/006/functions-000439.c	+[SCCTPCustomStickerCreateUGCItemRequest descriptor]	
105814c24	105814c8b	decompiled	chunks/006/functions-000439.c	+[SCCTPCustomStickerCreateUGCItemResponse descriptor]	
105814c8c	105814cf3	decompiled	chunks/006/functions-000439.c	+[SCCTPCustomStickerBatchCreateUGCItemsRequest descriptor]	
105814cf4	105814d5b	decompiled	chunks/006/functions-000439.c	+[SCCTPCustomStickerBatchCreateUGCItemsResponse descriptor]	
105814d5c	105814dc3	decompiled	chunks/006/functions-000439.c	+[SCCTPCustomStickerAddUGCRefRequest descriptor]	
105814dc4	105814e2b	decompiled	chunks/006/functions-000439.c	+[SCCTPCustomStickerAddUGCRefResponse descriptor]	
105814e2c	105814e93	decompiled	chunks/006/functions-000439.c	+[SCCTPCustomStickerBatchAddUGCRefsRequest descriptor]	
105814e94	105814efb	decompiled	chunks/006/functions-000439.c	+[SCCTPCustomStickerBatchAddUGCRefsResponse descriptor]	
105814efc	105814f63	decompiled	chunks/006/functions-000439.c	+[SCCTPCustomStickerRemoveUGCRefRequest descriptor]	
105814f64	105814fcb	decompiled	chunks/006/functions-000439.c	+[SCCTPCustomStickerRemoveUGCRefResponse descriptor]	
105814fcc	105815033	decompiled	chunks/006/functions-000439.c	+[SCCTPCustomStickerBatchRemoveUGCRefsRequest descriptor]	
105815034	10581509b	decompiled	chunks/006/functions-000439.c	+[SCCTPCustomStickerBatchRemoveUGCRefsResponse descriptor]	
10581509c	105815167	decompiled	chunks/006/functions-000439.c	-[SCCreatorsChatMessageSender initWithTextSender:conversationParser:performer:]	
105815168	10581536f	decompiled	chunks/006/functions-000439.c	-[SCCreatorsChatMessageSender shareProfile:selection:sourceType:completion:]	
105815370	105815543	decompiled	chunks/006/functions-000439.c		
105815544	1058155c3	decompiled	chunks/006/functions-000439.c		
1058155c4	10581574f	decompiled	chunks/006/functions-000439.c	-[SCCreatorsChatMessageSender shareSnap:profile:isUserQuoted:selection:sourceType:completion:]	
105815750	105815abf	decompiled	chunks/006/functions-000439.c	-[SCCreatorsChatMessageSender shareSnap:profile:isUserQuoted:chatIds:numOfRecipients:additionalText:sourceType:completion:]	
105815ac0	105815e8f	decompiled	chunks/006/functions-000439.c	-[SCCreatorsChatMessageSender _shareProfile:conversationIds:additionalText:analyticsDataModel:completion:]	
105815e90	105816313	decompiled	chunks/006/functions-000439.c	-[SCCreatorsChatMessageSender _shareSnap:profile:isUserQuoted:conversationIds:additionalText:analyticsDataModel:completion:]	
105816314	10581634f	decompiled	chunks/006/functions-000439.c	-[SCCreatorsChatMessageSender .cxx_destruct]	
105816350	10581647f	decompiled	chunks/006/functions-000439.c		
105816480	10581657f	decompiled	chunks/006/functions-000439.c	-[SCCreatorsMessagingServicesEntryPoint begin]	
105816580	1058165bf	decompiled	chunks/006/functions-000439.c		
1058165c0	1058166b7	decompiled	chunks/006/functions-000439.c	-[SCCreatorsMessagingServicesEntryPoint _shareMessageSender]	
1058166b8	10581670b	decompiled	chunks/006/functions-000439.c	-[SCCreatorsMessagingServicesEntryPoint .cxx_destruct]	
10581670c	10581678b	decompiled	chunks/006/functions-000439.c	-[SCSwipeToProfileParamsProvider initWithParamsMutableStreaming:]	
10581678c	105816793	decompiled	chunks/006/functions-000439.c	-[SCSwipeToProfileParamsProvider addSwipeToProfileParams:]	
105816794	10581679f	decompiled	chunks/006/functions-000439.c	-[SCSwipeToProfileParamsProvider .cxx_destruct]	
1058167a0	1058167bb	decompiled	chunks/006/functions-000439.c		
1058167bc	105816817	decompiled	chunks/006/functions-000439.c		
105816818	105816853	decompiled	chunks/006/functions-000439.c	-[SCSwipeToProfileParamsProviderServiceProvider .cxx_destruct]	
105816854	1058168df	decompiled	chunks/006/functions-000439.c	-[SCSwipeToProfileParamsStream init]	
1058168e0	1058168e7	decompiled	chunks/006/functions-000439.c	-[SCSwipeToProfileParamsStream streamSwipeToProfileParams:]	
1058168e8	1058168ef	decompiled	chunks/006/functions-000439.c	+[SCSwipeToProfileParamsStream _createSwipeToProfileParamsStream:]	
1058168f0	1058168f7	decompiled	chunks/006/functions-000439.c	-[SCSwipeToProfileParamsStream swipeToProfileParamsObservable]	
1058168f8	105816967	decompiled	chunks/006/functions-000439.c	-[SCSwipeToProfileParamsStream .cxx_destruct]	
105816968	105816b3b	decompiled	chunks/006/functions-000439.c	-[SCSpotlightSharingLensTranscodingServiceProvider _createSpotlightSharingLensTranscoder]	
105816b3c	105816baf	decompiled	chunks/006/functions-000439.c	-[SCSpotlightSharingLensTranscodingServiceProvider .cxx_destruct]	
105816bb0	105816cc7	decompiled	chunks/006/functions-000439.c	-[SCSpotlightShareStoryLensSnapDocBuilder initWithLensMetadataBuilder:snapDocEditorFactory:performer:circumstanceEngine:]	
105816cc8	105817847	decompiled	chunks/006/functions-000439.c	-[SCSpotlightShareStoryLensSnapDocBuilder buildStoryLensSnapDocWithMediaData:overlayData:isImage:lensId:targetDurationMs:creatorDisplayName:creatorProfileLogoUrl:creatorBitmojiAvatarId:creatorBitmojiSelfieId:shouldShowCreatorBadge:additionalCaptionText:]	
105817848	105817997	decompiled	chunks/006/functions-000439.c		
105817998	105817d23	decompiled	chunks/006/functions-000439.c	-[SCSpotlightShareStoryLensSnapDocBuilder _setupLayerCompositionForSnapDoc:]	
105817d24	105817e03	decompiled	chunks/006/functions-000439.c	-[SCSpotlightShareStoryLensSnapDocBuilder applySpotlightTimelineToSnapDoc:targetDurationMs:]	
105817e04	10581810b	decompiled	chunks/006/functions-000439.c	-[SCSpotlightShareStoryLensSnapDocBuilder _applySpotlightTimelineToSnapDoc:targetDurationMs:]	
10581810c	10581815f	decompiled	chunks/006/functions-000439.c	-[SCSpotlightShareStoryLensSnapDocBuilder .cxx_destruct]	
105818160	1058182df	decompiled	chunks/006/functions-000439.c	-[SCSpotlightSharingLensTranscoder initWithSnapUploaderServices:lensMetadataBuilder:spotlightConfigProvider:snapDocEditorFactory:circumstanceEngine:]	
1058182e0	10581831f	decompiled	chunks/006/functions-000439.c	-[SCSpotlightSharingLensTranscoder lensId]	
105818320	105818327	decompiled	chunks/006/functions-000439.c	-[SCSpotlightSharingLensTranscoder targetDurationMs]	
105818328	1058186d3	decompiled	chunks/006/functions-000439.c	-[SCSpotlightSharingLensTranscoder transcodeAndUploadMedia:overlayData:isImage:crossPostToStoryInfo:completionQueue:completionHandler:]	
1058186d4	1058186e3	decompiled	chunks/006/functions-000439.c		
1058186e4	10581882b	decompiled	chunks/006/functions-000439.c		
10581882c	10581884b	decompiled	chunks/006/functions-000439.c		
10581884c	105818b57	decompiled	chunks/006/functions-000439.c	-[SCSpotlightSharingLensTranscoder _transcodeAndUploadSnapDoc:clientId:encryptionKey:encryptionIV:completionQueue:completionHandler:]	
105818b58	105818c3f	decompiled	chunks/006/functions-000439.c		
105818c40	105818c6b	decompiled	chunks/006/functions-000439.c		
105818c6c	105818cb3	decompiled	chunks/006/functions-000439.c	-[SCSpotlightSharingLensTranscoder .cxx_destruct]	
105818cb4	105818d27	decompiled	chunks/006/functions-000439.c	-[SCGrapheneSpotlightLensTranscoderMetric2 init]	
